employee_id,department,tenure_months,hourly_rate,left_company,is_underpaid,burnout_risk_flag,long_commute,loss_of_experienced_asset
EMP0001,Sales Floor,60,17.35,0,1,0,0,0
EMP0002,Management,191,30.25,0,0,0,0,0
EMP0003,Cashier,160,18.89,0,1,0,0,0
EMP0004,Cashier,93,18.05,0,1,0,0,0
EMP0005,Sales Floor,43,16.08,0,1,0,0,0
EMP0006,Sales Floor,254,24.06,0,0,0,0,0
EMP0007,Sales Floor,130,19.22,0,1,0,0,0
EMP0008,Stockroom,60,17.79,0,1,0,1,0
EMP0009,Cashier,151,19.62,1,0,0,1,1
EMP0010,Cashier,287,23.30,0,0,0,0,0
EMP0011,Sales Floor,5,17.62,1,1,0,1,0
EMP0012,Management,34,26.58,0,1,0,1,0
EMP0013,Stockroom,10,15.54,0,1,0,1,0
EMP0014,Sales Floor,130,19.93,0,0,0,0,0
EMP0015,Sales Floor,126,18.45,0,1,0,0,0
EMP0016,Sales Floor,267,22.01,0,0,0,0,0
EMP0017,Sales Floor,56,18.97,0,1,0,0,0
EMP0018,Cashier,83,18.63,0,1,0,0,0
EMP0019,Sales Floor,99,20.19,1,0,1,1,1
EMP0020,Sales Floor,149,20.07,0,0,0,0,0
EMP0021,Cashier,156,19.93,0,0,0,0,0
EMP0022,Sales Floor,190,20.28,0,0,0,1,0
EMP0023,Sales Floor,110,18.30,0,1,0,0,0
EMP0024,Sales Floor,115,20.21,0,0,0,0,0
EMP0025,Cashier,7,15.26,1,1,0,0,0
EMP0026,Stockroom,80,19.70,0,1,1,0,0
EMP0027,Sales Floor,252,23.63,0,0,0,1,0
EMP0028,Cashier,97,17.23,0,1,0,0,0
EMP0029,Cashier,4,15.63,1,1,0,0,0
EMP0030,Sales Floor,260,23.75,0,0,0,0,0
EMP0031,Cashier,40,15.82,0,1,0,0,0
EMP0032,Sales Floor,17,17.46,0,1,0,0,0
EMP0033,Sales Floor,101,18.94,0,1,0,0,0
EMP0034,Customer Service,52,17.94,0,1,0,1,0
EMP0035,Management,93,28.33,0,1,0,1,0
EMP0036,Stockroom,52,19.44,0,1,0,0,0
EMP0037,Sales Floor,124,18.40,0,1,0,0,0
EMP0038,Sales Floor,231,23.37,0,0,0,0,0
EMP0039,Cashier,178,19.57,1,0,0,0,1
EMP0040,Sales Floor,63,18.60,0,1,0,0,0
EMP0041,Sales Floor,116,19.93,0,0,0,0,0
EMP0042,Cashier,191,20.21,0,0,0,0,0
EMP0043,Sales Floor,62,17.20,0,1,0,0,0
EMP0044,Customer Service,7,18.57,1,1,0,0,0
EMP0045,Sales Floor,155,20.19,0,0,0,0,0
EMP0046,Cashier,92,18.75,0,1,0,0,0
EMP0047,Sales Floor,14,15.33,0,1,0,1,0
EMP0048,Cashier,86,18.95,0,1,0,0,0
EMP0049,Cashier,133,19.83,0,0,0,0,0
EMP0050,Sales Floor,183,22.30,0,0,0,0,0
EMP0051,Management,386,35.12,0,0,0,0,0
EMP0052,Stockroom,405,28.03,0,0,0,0,0
EMP0053,Customer Service,246,24.63,0,0,1,0,0
EMP0054,Customer Service,15,17.48,1,1,0,1,1
EMP0055,Cashier,149,19.51,0,1,0,0,0
EMP0056,Customer Service,471,29.20,0,0,0,0,0
EMP0057,Sales Floor,314,25.46,0,0,0,0,0
EMP0058,Sales Floor,65,17.95,0,1,0,0,0
EMP0059,Sales Floor,13,15.03,1,1,0,1,1
EMP0060,Sales Floor,213,22.46,0,0,0,0,0
EMP0061,Sales Floor,242,22.62,0,0,0,0,0
EMP0062,Sales Floor,82,16.88,0,1,0,0,0
EMP0063,Stockroom,37,18.94,0,1,0,0,0
EMP0064,Sales Floor,173,22.15,0,0,0,1,0
EMP0065,Sales Floor,160,20.48,0,0,1,0,0
EMP0066,Cashier,164,18.84,0,1,0,1,0
EMP0067,Sales Floor,139,20.62,0,0,0,1,0
EMP0068,Stockroom,191,21.78,0,0,0,1,0
EMP0069,Sales Floor,308,23.96,0,0,0,0,0
EMP0070,Management,183,30.56,0,0,0,0,0
EMP0071,Stockroom,117,19.82,0,1,0,0,0
EMP0072,Sales Floor,510,30.35,0,0,0,1,0
EMP0073,Sales Floor,4,15.93,0,1,0,0,0
EMP0074,Stockroom,34,17.76,0,1,0,0,0
EMP0075,Cashier,52,18.20,0,1,0,0,0
EMP0076,Cashier,112,18.20,0,1,0,0,0
EMP0077,Stockroom,252,24.18,0,0,0,0,0
EMP0078,Sales Floor,82,19.46,0,1,0,0,0
EMP0079,Sales Floor,42,17.03,0,1,0,0,0
EMP0080,Sales Floor,21,16.41,0,1,0,0,0
EMP0081,Stockroom,42,17.97,1,1,1,1,1
EMP0082,Cashier,113,18.91,0,1,0,0,0
EMP0083,Sales Floor,105,19.84,0,0,0,0,0
EMP0084,Sales Floor,192,21.26,0,0,0,0,0
EMP0085,Sales Floor,17,17.96,0,1,0,1,0
EMP0086,Sales Floor,120,18.01,0,1,0,1,0
EMP0087,Cashier,393,24.93,0,0,0,1,0
EMP0088,Cashier,169,20.62,0,0,0,1,0
EMP0089,Customer Service,129,20.48,0,1,0,0,0
EMP0090,Cashier,2,14.78,1,1,1,0,0
EMP0091,Sales Floor,60,17.10,0,1,0,0,0
EMP0092,Cashier,48,16.10,0,1,0,0,0
EMP0093,Stockroom,29,15.90,0,1,0,0,0
EMP0094,Cashier,97,19.61,0,0,0,0,0
EMP0095,Stockroom,10,15.94,0,1,0,0,0
EMP0096,Cashier,2,16.26,1,1,0,1,0
EMP0097,Cashier,314,25.01,0,0,0,0,0
EMP0098,Sales Floor,21,17.87,0,1,0,0,0
EMP0099,Sales Floor,28,15.37,0,1,0,1,0
EMP0100,Sales Floor,203,22.76,0,0,1,0,0
EMP0101,Sales Floor,34,17.03,0,1,0,0,0
EMP0102,Cashier,8,16.12,0,1,0,0,0
EMP0103,Sales Floor,443,28.74,0,0,0,0,0
EMP0104,Cashier,214,22.40,0,0,0,0,0
EMP0105,Customer Service,8,17.22,0,1,0,0,0
EMP0106,Sales Floor,177,21.62,0,0,0,0,0
EMP0107,Sales Floor,79,18.28,0,1,0,0,0
EMP0108,Stockroom,145,21.41,0,0,0,0,0
EMP0109,Sales Floor,173,22.28,0,0,0,0,0
EMP0110,Sales Floor,19,15.63,0,1,0,1,0
EMP0111,Sales Floor,69,19.40,1,1,1,1,1
EMP0112,Sales Floor,416,26.32,0,0,0,0,0
EMP0113,Customer Service,428,27.90,0,0,0,0,0
EMP0114,Stockroom,449,27.60,0,0,0,0,0
EMP0115,Cashier,8,15.25,0,1,0,1,0
EMP0116,Customer Service,333,27.15,0,0,0,0,0
EMP0117,Stockroom,200,20.76,0,0,0,0,0
EMP0118,Sales Floor,87,16.93,0,1,1,0,0
EMP0119,Customer Service,43,20.01,0,1,0,1,0
EMP0120,Cashier,385,27.16,0,0,0,1,0
EMP0121,Stockroom,109,20.46,0,0,0,0,0
EMP0122,Customer Service,51,20.07,0,1,0,0,0
EMP0123,Sales Floor,24,17.27,0,1,0,0,0
EMP0124,Sales Floor,24,15.48,0,1,0,0,0
EMP0125,Sales Floor,17,16.17,0,1,0,0,0
EMP0126,Sales Floor,133,20.36,1,0,0,1,1
EMP0127,Stockroom,20,16.40,0,1,0,0,0
EMP0128,Stockroom,277,24.76,0,0,0,0,0
EMP0129,Sales Floor,232,21.02,0,0,0,0,0
EMP0130,Cashier,228,21.25,0,0,0,0,0
EMP0131,Sales Floor,139,20.01,0,0,0,0,0
EMP0132,Sales Floor,15,16.81,0,1,0,0,0
EMP0133,Sales Floor,7,16.43,0,1,0,0,0
EMP0134,Sales Floor,51,18.01,0,1,0,0,0
EMP0135,Customer Service,28,16.80,0,1,0,0,0
EMP0136,Sales Floor,51,16.22,1,1,0,0,1
EMP0137,Cashier,107,19.58,0,0,0,0,0
EMP0138,Cashier,261,23.30,0,0,0,0,0
EMP0139,Sales Floor,5,14.98,0,1,0,1,0
EMP0140,Management,350,36.25,0,0,1,0,0
EMP0141,Management,352,34.50,0,0,0,0,0
EMP0142,Sales Floor,8,16.16,1,1,0,0,0
EMP0143,Cashier,64,16.21,0,1,0,0,0
EMP0144,Sales Floor,138,20.46,0,0,0,0,0
EMP0145,Sales Floor,32,17.39,0,1,1,0,0
EMP0146,Sales Floor,368,25.36,0,0,0,0,0
EMP0147,Cashier,220,22.70,0,0,0,0,0
EMP0148,Cashier,337,24.57,0,0,0,0,0
EMP0149,Sales Floor,136,19.16,0,1,0,0,0
EMP0150,Sales Floor,256,22.07,0,0,0,1,0
EMP0151,Customer Service,104,19.69,0,1,0,0,0
EMP0152,Sales Floor,25,15.26,0,1,0,0,0
EMP0153,Sales Floor,73,18.28,1,1,1,0,1
EMP0154,Cashier,434,28.58,0,0,0,0,0
EMP0155,Management,49,27.01,0,1,0,0,0
EMP0156,Sales Floor,36,16.16,0,1,0,1,0
EMP0157,Cashier,382,24.71,0,0,0,0,0
EMP0158,Stockroom,4,15.75,0,1,0,0,0
EMP0159,Sales Floor,78,17.92,0,1,0,0,0
EMP0160,Cashier,105,19.20,0,1,1,0,0
EMP0161,Sales Floor,41,16.20,1,1,0,0,1
EMP0162,Cashier,25,16.85,0,1,0,0,0
EMP0163,Cashier,119,19.91,0,0,0,0,0
EMP0164,Cashier,190,20.64,0,0,0,0,0
EMP0165,Sales Floor,114,20.13,0,0,0,0,0
EMP0166,Stockroom,266,24.05,0,0,0,0,0
EMP0167,Sales Floor,21,16.99,0,1,0,1,0
EMP0168,Sales Floor,164,20.63,0,0,0,0,0
EMP0169,Sales Floor,140,19.78,0,0,0,0,0
EMP0170,Cashier,258,21.87,0,0,0,0,0
EMP0171,Cashier,54,16.41,0,1,0,0,0
EMP0172,Sales Floor,13,15.73,0,1,0,0,0
EMP0173,Cashier,181,20.72,0,0,0,0,0
EMP0174,Sales Floor,160,19.30,0,1,0,0,0
EMP0175,Cashier,95,19.39,0,1,0,0,0
EMP0176,Sales Floor,400,27.77,0,0,0,0,0
EMP0177,Cashier,32,16.09,1,1,0,0,1
EMP0178,Sales Floor,32,15.86,0,1,0,0,0
EMP0179,Customer Service,226,24.92,0,0,0,0,0
EMP0180,Sales Floor,11,17.28,0,1,0,0,0
EMP0181,Sales Floor,10,16.94,0,1,0,0,0
EMP0182,Sales Floor,271,22.84,0,0,0,0,0
EMP0183,Customer Service,17,17.68,0,1,0,0,0
EMP0184,Customer Service,183,21.39,0,1,0,0,0
EMP0185,Sales Floor,9,15.32,0,1,0,0,0
EMP0186,Cashier,153,20.60,0,0,0,0,0
EMP0187,Stockroom,59,18.78,0,1,0,0,0
EMP0188,Cashier,334,25.06,0,0,1,0,0
EMP0189,Cashier,124,20.13,0,0,0,0,0
EMP0190,Sales Floor,114,19.42,0,1,0,1,0
EMP0191,Sales Floor,22,16.51,1,1,0,1,1
EMP0192,Customer Service,414,28.52,0,0,0,0,0
EMP0193,Customer Service,213,24.74,0,0,0,1,0
EMP0194,Cashier,172,19.03,0,1,0,0,0
EMP0195,Sales Floor,288,25.29,0,0,0,0,0
EMP0196,Sales Floor,113,20.12,0,0,1,0,0
EMP0197,Cashier,376,24.83,0,0,0,0,0
EMP0198,Customer Service,21,18.28,0,1,0,0,0
EMP0199,Customer Service,122,21.99,0,0,0,0,0
EMP0200,Stockroom,32,17.60,0,1,1,0,0
EMP0201,Cashier,119,20.03,0,0,0,0,0
EMP0202,Sales Floor,39,18.41,0,1,0,0,0
EMP0203,Sales Floor,268,23.21,0,0,0,0,0
EMP0204,Customer Service,233,23.60,0,0,1,0,0
EMP0205,Cashier,431,28.78,0,0,0,0,0
EMP0206,Sales Floor,18,17.03,1,1,0,0,1
EMP0207,Sales Floor,149,18.99,0,1,1,0,0
EMP0208,Cashier,149,18.27,0,1,0,0,0
EMP0209,Sales Floor,126,19.69,1,1,0,0,1
EMP0210,Sales Floor,392,28.18,0,0,0,0,0
EMP0211,Cashier,302,24.92,0,0,0,0,0
EMP0212,Cashier,360,26.03,0,0,0,0,0
EMP0213,Cashier,7,14.61,0,1,0,0,0
EMP0214,Sales Floor,23,15.90,0,1,0,0,0
EMP0215,Cashier,236,23.18,0,0,0,0,0
EMP0216,Sales Floor,224,21.27,0,0,0,1,0
EMP0217,Sales Floor,203,20.97,0,0,0,0,0
EMP0218,Cashier,256,21.50,0,0,0,0,0
EMP0219,Cashier,86,18.42,0,1,0,0,0
EMP0220,Stockroom,150,22.00,0,0,0,0,0
EMP0221,Cashier,235,21.33,0,0,0,0,0
EMP0222,Cashier,345,25.01,0,0,0,0,0
EMP0223,Sales Floor,22,17.01,1,1,0,0,1
EMP0224,Sales Floor,348,27.17,0,0,0,0,0
EMP0225,Sales Floor,29,15.62,0,1,0,0,0
EMP0226,Sales Floor,269,23.47,0,0,0,0,0
EMP0227,Management,18,25.66,0,1,0,0,0
EMP0228,Sales Floor,2,17.15,0,1,0,0,0
EMP0229,Customer Service,29,18.23,0,1,0,0,0
EMP0230,Cashier,213,20.25,0,0,0,0,0
EMP0231,Stockroom,27,17.65,0,1,0,0,0
EMP0232,Cashier,50,17.70,0,1,0,0,0
EMP0233,Cashier,15,14.43,0,1,0,0,0
EMP0234,Cashier,88,19.02,0,1,0,0,0
EMP0235,Sales Floor,44,16.28,0,1,0,0,0
EMP0236,Cashier,278,23.38,0,0,1,1,0
EMP0237,Sales Floor,171,20.50,0,0,0,0,0
EMP0238,Sales Floor,165,21.24,0,0,0,0,0
EMP0239,Cashier,189,20.36,0,0,0,1,0
EMP0240,Sales Floor,353,26.91,0,0,0,1,0
EMP0241,Customer Service,184,23.30,0,0,0,0,0
EMP0242,Management,3,26.03,0,1,0,0,0
EMP0243,Customer Service,191,23.69,0,0,0,0,0
EMP0244,Sales Floor,19,17.29,0,1,0,0,0
EMP0245,Sales Floor,23,15.25,0,1,0,0,0
EMP0246,Customer Service,30,18.02,0,1,0,0,0
EMP0247,Sales Floor,39,18.38,0,1,0,0,0
EMP0248,Management,108,27.38,0,1,0,0,0
EMP0249,Management,367,36.41,0,0,0,1,0
EMP0250,Stockroom,281,25.73,0,0,0,0,0
EMP0251,Sales Floor,128,18.21,0,1,0,0,0
EMP0252,Sales Floor,229,22.91,0,0,0,0,0
EMP0253,Stockroom,111,19.49,0,1,0,0,0
EMP0254,Sales Floor,136,20.02,0,0,0,1,0
EMP0255,Sales Floor,362,24.81,0,0,0,0,0
EMP0256,Cashier,186,19.30,0,1,0,0,0
EMP0257,Customer Service,144,22.00,0,0,0,0,0
EMP0258,Cashier,8,16.69,0,1,0,0,0
EMP0259,Cashier,129,19.93,1,0,0,0,1
EMP0260,Sales Floor,364,26.24,0,0,0,0,0
EMP0261,Cashier,261,21.55,0,0,0,0,0
EMP0262,Management,3,26.15,0,1,0,0,0
EMP0263,Sales Floor,104,18.11,0,1,0,0,0
EMP0264,Cashier,64,18.51,0,1,0,0,0
EMP0265,Customer Service,106,21.46,0,1,0,0,0
EMP0266,Cashier,10,16.41,0,1,0,0,0
EMP0267,Cashier,149,20.99,0,0,0,0,0
EMP0268,Cashier,46,15.37,0,1,0,0,0
EMP0269,Sales Floor,7,16.90,0,1,0,0,0
EMP0270,Sales Floor,219,21.57,0,0,0,0,0
EMP0271,Stockroom,66,19.55,0,1,0,0,0
EMP0272,Stockroom,169,20.49,0,0,0,1,0
EMP0273,Stockroom,112,20.29,0,0,1,0,0
EMP0274,Customer Service,13,18.99,1,1,0,1,1
EMP0275,Cashier,137,17.93,0,1,0,0,0
EMP0276,Cashier,420,26.86,0,0,0,0,0
EMP0277,Stockroom,86,19.68,0,1,0,0,0
EMP0278,Cashier,90,17.86,1,1,0,1,1
EMP0279,Cashier,58,16.41,0,1,0,0,0
EMP0280,Stockroom,54,17.16,0,1,0,0,0
EMP0281,Customer Service,12,16.73,0,1,0,0,0
EMP0282,Sales Floor,209,22.88,0,0,0,1,0
EMP0283,Sales Floor,14,16.61,0,1,0,0,0
EMP0284,Sales Floor,121,18.09,0,1,0,0,0
EMP0285,Cashier,377,25.62,0,0,0,0,0
EMP0286,Sales Floor,20,16.16,0,1,0,0,0
EMP0287,Cashier,75,16.63,0,1,0,0,0
EMP0288,Cashier,243,22.06,0,0,0,0,0
EMP0289,Sales Floor,223,21.69,0,0,0,0,0
EMP0290,Cashier,70,16.97,0,1,0,0,0
EMP0291,Sales Floor,312,25.38,0,0,0,0,0
EMP0292,Sales Floor,19,15.70,1,1,0,0,1
EMP0293,Stockroom,101,19.73,0,1,0,0,0
EMP0294,Sales Floor,186,21.38,0,0,0,1,0
EMP0295,Sales Floor,132,19.87,0,0,0,1,0
EMP0296,Cashier,111,19.07,0,1,0,0,0
EMP0297,Stockroom,381,27.23,0,0,0,0,0
EMP0298,Sales Floor,132,20.80,0,0,0,1,0
EMP0299,Cashier,20,16.58,1,1,0,1,1
EMP0300,Sales Floor,24,16.81,0,1,0,0,0
EMP0301,Sales Floor,37,18.02,0,1,0,0,0
EMP0302,Cashier,230,22.21,0,0,0,0,0
EMP0303,Cashier,21,15.46,1,1,0,1,1
EMP0304,Cashier,54,16.12,0,1,0,0,0
EMP0305,Cashier,232,20.90,0,0,0,0,0
EMP0306,Management,202,32.31,0,0,0,0,0
EMP0307,Cashier,38,17.19,0,1,0,0,0
EMP0308,Sales Floor,260,24.53,0,0,0,0,0
EMP0309,Stockroom,20,17.37,1,1,0,0,1
EMP0310,Sales Floor,17,16.39,0,1,0,0,0
EMP0311,Sales Floor,119,17.98,0,1,0,0,0
EMP0312,Sales Floor,71,18.49,0,1,0,0,0
EMP0313,Sales Floor,4,16.36,0,1,0,0,0
EMP0314,Management,221,33.11,0,0,0,0,0
EMP0315,Stockroom,14,16.11,0,1,0,0,0
EMP0316,Cashier,3,15.68,0,1,0,0,0
EMP0317,Sales Floor,216,22.45,0,0,0,0,0
EMP0318,Sales Floor,58,18.04,0,1,0,0,0
EMP0319,Sales Floor,55,17.71,1,1,0,0,1
EMP0320,Sales Floor,52,18.28,0,1,1,0,0
EMP0321,Cashier,4,14.73,0,1,0,0,0
EMP0322,Cashier,8,16.40,0,1,0,1,0
EMP0323,Cashier,254,22.91,0,0,0,0,0
EMP0324,Sales Floor,24,17.85,0,1,0,0,0
EMP0325,Management,162,31.04,0,0,0,0,0
EMP0326,Cashier,158,19.33,0,1,0,0,0
EMP0327,Cashier,82,17.11,0,1,0,0,0
EMP0328,Cashier,159,21.36,0,0,0,0,0
EMP0329,Sales Floor,60,17.75,0,1,0,0,0
EMP0330,Sales Floor,147,21.30,0,0,0,1,0
EMP0331,Sales Floor,49,16.35,0,1,0,0,0
EMP0332,Stockroom,319,25.79,0,0,0,1,0
EMP0333,Sales Floor,110,19.99,0,0,0,0,0
EMP0334,Sales Floor,211,23.20,0,0,0,0,0
EMP0335,Sales Floor,22,16.12,0,1,0,0,0
EMP0336,Sales Floor,152,20.90,0,0,0,0,0
EMP0337,Stockroom,109,19.64,1,1,1,1,1
EMP0338,Cashier,76,16.29,0,1,0,1,0
EMP0339,Cashier,30,16.90,1,1,1,0,1
EMP0340,Sales Floor,58,18.18,0,1,0,1,0
EMP0341,Cashier,117,20.04,1,0,0,1,1
EMP0342,Cashier,31,16.35,0,1,0,0,0
EMP0343,Sales Floor,19,15.72,0,1,0,0,0
EMP0344,Sales Floor,173,19.44,0,1,0,0,0
EMP0345,Sales Floor,350,25.47,0,0,0,0,0
EMP0346,Cashier,183,19.99,0,0,0,0,0
EMP0347,Cashier,33,17.20,0,1,0,0,0
EMP0348,Sales Floor,146,19.62,0,1,0,1,0
EMP0349,Sales Floor,63,19.10,0,1,0,0,0
EMP0350,Cashier,116,20.11,0,0,0,0,0
EMP0351,Cashier,113,19.00,0,1,0,0,0
EMP0352,Stockroom,47,19.09,0,1,0,0,0
EMP0353,Cashier,75,18.37,0,1,0,1,0
EMP0354,Sales Floor,57,17.72,0,1,0,0,0
EMP0355,Sales Floor,118,18.32,0,1,0,0,0
EMP0356,Cashier,45,16.63,0,1,0,0,0
EMP0357,Sales Floor,161,20.65,0,0,0,0,0
EMP0358,Cashier,17,17.06,1,1,0,0,1
EMP0359,Customer Service,198,22.94,0,0,0,0,0
EMP0360,Cashier,260,23.92,0,0,0,0,0
EMP0361,Sales Floor,20,17.08,1,1,0,0,1
EMP0362,Cashier,240,21.08,1,0,0,0,1
EMP0363,Cashier,47,18.29,0,1,0,0,0
EMP0364,Cashier,47,16.89,0,1,0,0,0
EMP0365,Customer Service,78,19.34,0,1,0,0,0
EMP0366,Sales Floor,124,19.92,0,0,0,0,0
EMP0367,Management,75,26.41,1,1,1,1,1
EMP0368,Customer Service,103,20.77,0,1,0,1,0
EMP0369,Sales Floor,137,19.80,0,0,0,0,0
EMP0370,Sales Floor,90,18.22,0,1,0,0,0
EMP0371,Sales Floor,144,21.36,0,0,1,0,0
EMP0372,Sales Floor,325,25.10,0,0,0,0,0
EMP0373,Sales Floor,61,16.85,0,1,0,0,0
EMP0374,Cashier,138,19.21,0,1,0,0,0
EMP0375,Sales Floor,50,18.65,0,1,0,0,0
EMP0376,Sales Floor,259,22.22,0,0,0,0,0
EMP0377,Stockroom,107,18.61,0,1,0,0,0
EMP0378,Sales Floor,113,17.68,0,1,0,0,0
EMP0379,Stockroom,350,24.76,0,0,0,0,0
EMP0380,Sales Floor,70,18.93,0,1,0,0,0
EMP0381,Sales Floor,81,18.95,0,1,0,0,0
EMP0382,Cashier,51,16.48,0,1,0,1,0
EMP0383,Cashier,245,22.90,0,0,0,0,0
EMP0384,Customer Service,403,28.38,0,0,0,0,0
EMP0385,Cashier,170,21.58,0,0,0,0,0
EMP0386,Stockroom,35,18.87,0,1,0,0,0
EMP0387,Sales Floor,302,24.07,0,0,0,0,0
EMP0388,Sales Floor,154,21.34,0,0,0,0,0
EMP0389,Stockroom,69,19.24,0,1,0,0,0
EMP0390,Stockroom,49,17.29,0,1,1,0,0
EMP0391,Management,74,26.75,0,1,0,0,0
EMP0392,Sales Floor,192,21.21,0,0,0,0,0
EMP0393,Sales Floor,261,24.09,0,0,0,0,0
EMP0394,Stockroom,100,20.66,0,0,0,1,0
EMP0395,Sales Floor,70,18.74,0,1,0,0,0
EMP0396,Customer Service,90,21.07,0,1,0,0,0
EMP0397,Stockroom,260,24.03,0,0,0,0,0
EMP0398,Sales Floor,7,17.20,1,1,1,0,0
EMP0399,Stockroom,295,25.55,0,0,0,0,0
EMP0400,Stockroom,129,19.71,0,1,0,0,0
EMP0401,Sales Floor,280,23.93,0,0,0,0,0
EMP0402,Customer Service,57,20.00,0,1,0,0,0
EMP0403,Cashier,100,16.92,0,1,0,0,0
EMP0404,Stockroom,326,26.48,0,0,0,0,0
EMP0405,Sales Floor,41,16.17,0,1,0,0,0
EMP0406,Customer Service,182,22.60,0,0,0,0,0
EMP0407,Sales Floor,174,21.76,0,0,0,0,0
EMP0408,Sales Floor,316,24.04,0,0,0,0,0
EMP0409,Customer Service,12,17.07,1,1,0,0,1
EMP0410,Sales Floor,188,20.93,0,0,0,0,0
EMP0411,Sales Floor,57,18.77,0,1,0,0,0
EMP0412,Management,31,24.86,0,1,0,0,0
EMP0413,Management,84,29.04,0,1,0,0,0
EMP0414,Cashier,152,18.68,0,1,0,0,0
EMP0415,Cashier,473,30.11,0,0,0,1,0
EMP0416,Sales Floor,408,28.70,0,0,0,0,0
EMP0417,Sales Floor,364,26.10,0,0,0,0,0
EMP0418,Sales Floor,106,18.98,0,1,1,0,0
EMP0419,Cashier,30,16.28,1,1,0,0,1
EMP0420,Stockroom,7,17.10,0,1,0,0,0
EMP0421,Stockroom,35,16.24,0,1,0,0,0
EMP0422,Stockroom,55,16.63,0,1,0,0,0
EMP0423,Sales Floor,92,17.23,0,1,1,0,0
EMP0424,Cashier,270,22.83,0,0,0,0,0
EMP0425,Sales Floor,120,18.66,0,1,1,0,0
EMP0426,Cashier,336,25.20,0,0,0,0,0
EMP0427,Sales Floor,400,28.59,0,0,0,0,0
EMP0428,Customer Service,106,20.10,0,1,0,0,0
EMP0429,Sales Floor,89,18.69,0,1,0,0,0
EMP0430,Sales Floor,77,17.89,0,1,0,1,0
EMP0431,Sales Floor,70,18.99,0,1,0,1,0
EMP0432,Stockroom,44,18.93,1,1,0,0,1
EMP0433,Cashier,73,18.66,1,1,0,0,1
EMP0434,Sales Floor,45,18.67,0,1,0,0,0
EMP0435,Sales Floor,228,20.92,0,0,0,0,0
EMP0436,Cashier,184,21.63,0,0,0,0,0
EMP0437,Sales Floor,43,17.95,0,1,0,0,0
EMP0438,Stockroom,57,17.27,1,1,0,0,1
EMP0439,Cashier,21,17.45,0,1,0,0,0
EMP0440,Sales Floor,196,20.39,0,0,1,0,0
EMP0441,Sales Floor,33,17.46,1,1,0,0,1
EMP0442,Management,475,37.87,0,0,0,1,0
EMP0443,Sales Floor,7,15.99,0,1,0,0,0
EMP0444,Sales Floor,70,18.60,1,1,0,0,1
EMP0445,Stockroom,127,20.22,0,1,0,0,0
EMP0446,Customer Service,143,21.25,0,1,0,1,0
EMP0447,Management,143,28.95,0,1,0,0,0
EMP0448,Stockroom,199,23.05,0,0,0,0,0
EMP0449,Sales Floor,120,18.26,0,1,0,0,0
EMP0450,Sales Floor,128,19.35,0,1,0,0,0
EMP0451,Stockroom,142,21.66,0,0,0,0,0
EMP0452,Cashier,57,18.12,0,1,0,0,0
EMP0453,Sales Floor,165,20.29,1,0,0,0,1
EMP0454,Customer Service,58,19.90,1,1,1,1,1
EMP0455,Sales Floor,21,17.55,1,1,0,1,1
EMP0456,Cashier,82,18.94,0,1,0,0,0
EMP0457,Sales Floor,131,19.77,0,0,0,1,0
EMP0458,Cashier,87,17.03,0,1,0,0,0
EMP0459,Sales Floor,37,16.29,0,1,0,0,0
EMP0460,Sales Floor,49,16.75,0,1,0,0,0
EMP0461,Sales Floor,147,20.36,0,0,0,0,0
EMP0462,Cashier,161,18.57,0,1,0,0,0
EMP0463,Cashier,178,20.85,0,0,0,0,0
EMP0464,Cashier,117,18.34,0,1,0,0,0
EMP0465,Management,196,30.33,0,0,0,0,0
EMP0466,Sales Floor,7,17.33,0,1,0,1,0
EMP0467,Sales Floor,86,18.27,0,1,0,0,0
EMP0468,Stockroom,119,18.59,0,1,1,0,0
EMP0469,Sales Floor,289,25.01,0,0,0,0,0
EMP0470,Management,81,26.39,0,1,0,0,0
EMP0471,Sales Floor,152,20.90,0,0,0,0,0
EMP0472,Management,61,28.02,0,1,0,0,0
EMP0473,Sales Floor,61,17.25,0,1,0,0,0
EMP0474,Customer Service,98,21.20,0,1,0,0,0
EMP0475,Cashier,28,16.32,1,1,0,0,1
EMP0476,Management,186,30.56,0,0,0,0,0
EMP0477,Sales Floor,43,15.83,0,1,0,0,0
EMP0478,Cashier,169,19.56,0,0,0,0,0
EMP0479,Management,167,31.43,0,0,1,0,0
EMP0480,Cashier,86,17.56,0,1,0,1,0
EMP0481,Cashier,17,16.11,0,1,0,0,0
EMP0482,Cashier,98,18.32,0,1,0,0,0
EMP0483,Cashier,494,29.49,0,0,0,0,0
EMP0484,Cashier,198,19.68,0,0,0,0,0
EMP0485,Cashier,98,17.81,0,1,0,0,0
EMP0486,Customer Service,65,19.97,1,1,0,1,1
EMP0487,Sales Floor,330,24.27,0,0,1,1,0
EMP0488,Sales Floor,341,24.58,0,0,0,0,0
EMP0489,Management,5,24.17,0,1,0,0,0
EMP0490,Customer Service,2,17.37,1,1,0,0,0
EMP0491,Cashier,22,17.26,0,1,0,0,0
EMP0492,Cashier,112,17.27,0,1,0,0,0
EMP0493,Sales Floor,57,16.66,0,1,0,0,0
EMP0494,Sales Floor,66,17.26,0,1,0,0,0
EMP0495,Cashier,16,16.64,0,1,0,0,0
EMP0496,Sales Floor,368,26.64,0,0,0,1,0
EMP0497,Cashier,435,27.33,0,0,0,0,0
EMP0498,Sales Floor,125,20.25,1,0,0,0,1
EMP0499,Management,22,26.44,1,1,1,0,1
EMP0500,Management,76,28.80,0,1,0,0,0
EMP0501,Cashier,344,26.01,0,0,0,1,0
EMP0502,Cashier,239,21.40,0,0,0,0,0
EMP0503,Sales Floor,168,19.98,0,0,0,0,0
EMP0504,Stockroom,294,23.54,0,0,0,0,0
EMP0505,Cashier,59,16.65,0,1,0,0,0
EMP0506,Sales Floor,138,21.33,0,0,0,0,0
EMP0507,Customer Service,64,19.00,0,1,0,0,0
EMP0508,Stockroom,243,22.41,0,0,0,0,0
EMP0509,Customer Service,319,27.15,0,0,0,0,0
EMP0510,Cashier,49,16.99,0,1,0,0,0
EMP0511,Cashier,448,26.89,0,0,1,0,0
EMP0512,Sales Floor,32,16.53,0,1,0,1,0
EMP0513,Customer Service,135,20.99,0,1,0,0,0
EMP0514,Stockroom,21,17.84,0,1,0,0,0
EMP0515,Sales Floor,20,15.12,0,1,1,0,0
EMP0516,Sales Floor,154,19.58,0,1,1,0,0
EMP0517,Sales Floor,4,16.16,0,1,0,0,0
EMP0518,Stockroom,366,25.97,0,0,0,0,0
EMP0519,Management,372,36.22,0,0,0,0,0
EMP0520,Sales Floor,143,19.92,0,0,0,0,0
EMP0521,Cashier,376,25.53,0,0,0,0,0
EMP0522,Sales Floor,232,23.79,0,0,0,0,0
EMP0523,Management,213,31.81,0,0,0,0,0
EMP0524,Stockroom,15,15.81,0,1,0,0,0
EMP0525,Stockroom,214,22.62,0,0,0,0,0
EMP0526,Cashier,14,16.73,0,1,0,0,0
EMP0527,Sales Floor,155,20.93,0,0,0,0,0
EMP0528,Sales Floor,168,19.68,0,1,0,0,0
EMP0529,Sales Floor,58,19.03,0,1,0,0,0
EMP0530,Stockroom,17,16.82,0,1,0,0,0
EMP0531,Stockroom,66,17.31,0,1,0,0,0
EMP0532,Management,409,35.90,0,0,0,0,0
EMP0533,Management,56,25.85,1,1,1,0,1
EMP0534,Cashier,3,16.49,0,1,0,0,0
EMP0535,Stockroom,456,28.03,0,0,0,0,0
EMP0536,Customer Service,44,17.60,1,1,1,0,1
EMP0537,Stockroom,97,20.25,0,0,0,1,0
EMP0538,Sales Floor,42,16.70,0,1,0,1,0
EMP0539,Cashier,227,20.40,0,0,0,0,0
EMP0540,Sales Floor,6,14.82,1,1,0,0,0
EMP0541,Management,39,25.51,0,1,0,0,0
EMP0542,Cashier,23,15.28,0,1,0,0,0
EMP0543,Sales Floor,89,18.97,0,1,0,0,0
EMP0544,Cashier,123,17.89,0,1,0,0,0
EMP0545,Cashier,50,15.75,0,1,0,0,0
EMP0546,Sales Floor,197,22.27,0,0,1,0,0
EMP0547,Sales Floor,51,17.93,0,1,0,0,0
EMP0548,Cashier,11,15.61,0,1,0,0,0
EMP0549,Cashier,268,23.09,0,0,0,0,0
EMP0550,Stockroom,74,17.99,0,1,0,0,0
EMP0551,Cashier,8,15.67,0,1,0,0,0
EMP0552,Stockroom,24,17.19,0,1,0,0,0
EMP0553,Cashier,220,21.27,0,0,0,0,0
EMP0554,Cashier,41,17.86,0,1,0,0,0
EMP0555,Customer Service,164,20.60,0,1,0,0,0
EMP0556,Sales Floor,85,19.21,0,1,1,1,0
EMP0557,Sales Floor,8,15.10,0,1,0,0,0
EMP0558,Sales Floor,55,18.42,0,1,0,0,0
EMP0559,Stockroom,47,18.15,0,1,0,1,0
EMP0560,Cashier,238,23.14,0,0,0,0,0
EMP0561,Cashier,104,17.18,0,1,0,1,0
EMP0562,Sales Floor,210,22.01,0,0,0,0,0
EMP0563,Sales Floor,42,17.17,0,1,0,0,0
EMP0564,Sales Floor,316,25.40,0,0,0,0,0
EMP0565,Sales Floor,468,29.10,0,0,0,0,0
EMP0566,Cashier,268,23.07,0,0,0,0,0
EMP0567,Sales Floor,130,19.40,0,1,0,0,0
EMP0568,Sales Floor,7,15.62,0,1,0,0,0
EMP0569,Customer Service,387,28.20,0,0,0,0,0
EMP0570,Sales Floor,109,17.88,0,1,0,0,0
EMP0571,Cashier,3,16.97,0,1,0,0,0
EMP0572,Stockroom,18,17.64,0,1,0,0,0
EMP0573,Sales Floor,107,20.33,0,0,0,0,0
EMP0574,Cashier,40,15.79,0,1,0,0,0
EMP0575,Stockroom,230,24.03,0,0,0,0,0
EMP0576,Customer Service,220,24.54,0,0,0,0,0
EMP0577,Sales Floor,129,20.11,0,0,0,0,0
EMP0578,Customer Service,7,18.07,0,1,0,0,0
EMP0579,Cashier,8,15.17,1,1,0,0,0
EMP0580,Sales Floor,32,17.84,0,1,0,0,0
EMP0581,Cashier,380,26.06,0,0,0,0,0
EMP0582,Management,48,25.55,0,1,0,0,0
EMP0583,Cashier,107,17.91,0,1,0,0,0
EMP0584,Sales Floor,101,20.11,0,0,0,0,0
EMP0585,Cashier,4,16.66,0,1,0,1,0
EMP0586,Sales Floor,478,30.72,0,0,0,0,0
EMP0587,Sales Floor,198,21.88,0,0,0,0,0
EMP0588,Sales Floor,246,22.08,0,0,0,0,0
EMP0589,Sales Floor,16,15.43,0,1,1,0,0
EMP0590,Sales Floor,129,18.64,0,1,0,0,0
EMP0591,Sales Floor,63,16.31,0,1,0,0,0
EMP0592,Cashier,109,18.20,0,1,0,1,0
EMP0593,Sales Floor,375,25.49,0,0,0,1,0
EMP0594,Sales Floor,21,16.32,0,1,0,0,0
EMP0595,Customer Service,269,26.28,0,0,0,0,0
EMP0596,Cashier,162,19.79,0,0,0,0,0
EMP0597,Cashier,260,23.86,0,0,1,0,0
EMP0598,Sales Floor,412,27.76,0,0,0,0,0
EMP0599,Sales Floor,102,18.07,0,1,0,0,0
EMP0600,Sales Floor,223,21.76,0,0,0,0,0
EMP0601,Sales Floor,59,16.39,0,1,0,0,0
EMP0602,Sales Floor,247,22.36,1,0,0,1,1
EMP0603,Sales Floor,27,17.28,0,1,0,0,0
EMP0604,Sales Floor,69,16.63,0,1,0,0,0
EMP0605,Sales Floor,9,15.37,0,1,0,1,0
EMP0606,Cashier,3,15.23,0,1,0,0,0
EMP0607,Sales Floor,196,22.89,0,0,0,1,0
EMP0608,Sales Floor,281,24.66,0,0,0,0,0
EMP0609,Cashier,404,27.42,0,0,0,0,0
EMP0610,Cashier,34,15.29,0,1,0,0,0
EMP0611,Sales Floor,154,21.12,0,0,0,0,0
EMP0612,Stockroom,382,27.97,0,0,0,0,0
EMP0613,Cashier,5,15.94,1,1,0,0,0
EMP0614,Sales Floor,227,23.78,0,0,0,1,0
EMP0615,Customer Service,476,30.20,0,0,0,0,0
EMP0616,Customer Service,93,21.41,0,1,0,1,0
EMP0617,Sales Floor,265,24.61,0,0,0,0,0
EMP0618,Sales Floor,116,17.76,1,1,0,1,1
EMP0619,Stockroom,178,21.29,0,0,0,1,0
EMP0620,Cashier,134,20.65,0,0,0,1,0
EMP0621,Sales Floor,83,17.11,1,1,0,0,1
EMP0622,Sales Floor,60,17.81,1,1,0,0,1
EMP0623,Sales Floor,121,20.80,0,0,0,0,0
EMP0624,Cashier,213,21.58,0,0,0,1,0
EMP0625,Cashier,88,17.01,0,1,0,1,0
EMP0626,Sales Floor,226,22.52,0,0,0,0,0
EMP0627,Cashier,22,15.22,0,1,0,0,0
EMP0628,Cashier,131,19.20,0,1,0,0,0
EMP0629,Sales Floor,10,15.00,1,1,0,0,0
EMP0630,Sales Floor,21,16.90,0,1,0,0,0
EMP0631,Cashier,156,19.88,0,0,0,0,0
EMP0632,Customer Service,190,23.50,0,0,0,0,0
EMP0633,Cashier,161,20.36,0,0,0,0,0
EMP0634,Cashier,21,16.23,0,1,0,0,0
EMP0635,Sales Floor,163,21.10,0,0,0,0,0
EMP0636,Sales Floor,180,19.93,0,0,1,0,0
EMP0637,Cashier,34,16.73,0,1,0,0,0
EMP0638,Sales Floor,9,15.27,0,1,0,0,0
EMP0639,Sales Floor,51,18.69,1,1,0,0,1
EMP0640,Sales Floor,47,16.01,0,1,0,0,0
EMP0641,Sales Floor,338,25.18,0,0,0,0,0
EMP0642,Sales Floor,314,25.31,0,0,0,0,0
EMP0643,Sales Floor,75,17.96,0,1,1,0,0
EMP0644,Sales Floor,23,15.42,0,1,0,1,0
EMP0645,Sales Floor,48,17.49,0,1,0,1,0
EMP0646,Customer Service,128,21.48,0,1,0,0,0
EMP0647,Cashier,150,20.28,0,0,1,0,0
EMP0648,Cashier,273,22.70,0,0,0,0,0
EMP0649,Stockroom,69,18.61,0,1,0,0,0
EMP0650,Cashier,44,16.57,0,1,0,0,0
EMP0651,Sales Floor,139,20.38,1,0,0,1,1
EMP0652,Cashier,350,25.47,0,0,0,0,0
EMP0653,Cashier,15,15.99,0,1,0,0,0
EMP0654,Cashier,347,24.39,0,0,0,0,0
EMP0655,Sales Floor,163,19.03,0,1,0,0,0
EMP0656,Sales Floor,33,15.94,0,1,0,1,0
EMP0657,Sales Floor,212,20.74,0,0,0,0,0
EMP0658,Sales Floor,125,19.32,0,1,0,0,0
EMP0659,Cashier,16,16.28,0,1,0,0,0
EMP0660,Cashier,418,26.25,0,0,0,0,0
EMP0661,Sales Floor,66,19.15,0,1,0,0,0
EMP0662,Management,227,30.33,0,0,0,0,0
EMP0663,Cashier,47,17.62,0,1,0,1,0
EMP0664,Sales Floor,7,16.57,0,1,0,0,0
EMP0665,Sales Floor,201,21.20,0,0,0,0,0
EMP0666,Sales Floor,20,15.21,0,1,0,0,0
EMP0667,Sales Floor,124,19.83,1,0,1,1,1
EMP0668,Sales Floor,1,15.68,0,1,0,0,0
EMP0669,Sales Floor,87,19.73,0,0,0,0,0
EMP0670,Sales Floor,3,16.21,0,1,0,0,0
EMP0671,Sales Floor,4,17.43,1,1,1,0,0
EMP0672,Customer Service,58,18.27,0,1,0,0,0
EMP0673,Sales Floor,153,20.93,0,0,0,0,0
EMP0674,Cashier,47,17.16,0,1,0,1,0
EMP0675,Sales Floor,38,17.77,0,1,0,0,0
EMP0676,Management,143,28.62,0,1,0,0,0
EMP0677,Sales Floor,191,21.80,0,0,0,0,0
EMP0678,Sales Floor,21,16.58,1,1,1,0,1
EMP0679,Management,227,32.53,0,0,1,0,0
EMP0680,Stockroom,313,24.68,0,0,1,0,0
EMP0681,Stockroom,302,26.06,0,0,0,0,0
EMP0682,Sales Floor,142,18.70,0,1,0,0,0
EMP0683,Sales Floor,39,18.00,0,1,1,0,0
EMP0684,Cashier,99,19.33,0,1,0,0,0
EMP0685,Customer Service,252,25.45,0,0,0,0,0
EMP0686,Cashier,77,17.68,0,1,0,0,0
EMP0687,Cashier,115,18.51,0,1,0,1,0
EMP0688,Sales Floor,97,20.18,0,0,0,0,0
EMP0689,Stockroom,6,15.85,0,1,0,0,0
EMP0690,Sales Floor,91,18.67,1,1,0,1,1
EMP0691,Sales Floor,23,17.15,0,1,0,0,0
EMP0692,Sales Floor,187,21.80,0,0,0,0,0
EMP0693,Cashier,91,17.14,1,1,0,0,1
EMP0694,Sales Floor,46,17.74,0,1,0,0,0
EMP0695,Sales Floor,6,17.12,0,1,0,0,0
EMP0696,Cashier,14,14.54,0,1,0,0,0
EMP0697,Sales Floor,100,20.01,0,0,0,0,0
EMP0698,Cashier,328,23.20,0,0,0,0,0
EMP0699,Sales Floor,190,20.85,0,0,0,0,0
EMP0700,Cashier,35,15.02,0,1,0,1,0
EMP0701,Cashier,30,15.06,0,1,0,0,0
EMP0702,Sales Floor,14,17.62,0,1,0,0,0
EMP0703,Sales Floor,84,17.90,0,1,0,1,0
EMP0704,Sales Floor,369,26.02,0,0,0,1,0
EMP0705,Sales Floor,25,15.84,1,1,0,0,1
EMP0706,Management,424,37.57,0,0,0,0,0
EMP0707,Sales Floor,344,25.84,0,0,0,0,0
EMP0708,Stockroom,14,16.51,0,1,0,0,0
EMP0709,Sales Floor,154,19.78,0,0,0,0,0
EMP0710,Cashier,102,19.49,0,1,0,0,0
EMP0711,Stockroom,22,16.76,0,1,0,0,0
EMP0712,Cashier,83,17.79,0,1,0,1,0
EMP0713,Cashier,426,26.68,0,0,1,0,0
EMP0714,Sales Floor,19,17.39,0,1,0,0,0
EMP0715,Sales Floor,201,21.28,0,0,0,0,0
EMP0716,Customer Service,284,25.43,0,0,0,0,0
EMP0717,Stockroom,173,20.57,0,0,0,0,0
EMP0718,Management,71,28.94,0,1,0,0,0
EMP0719,Sales Floor,206,21.10,0,0,0,0,0
EMP0720,Cashier,63,18.06,0,1,0,0,0
EMP0721,Customer Service,73,19.31,0,1,0,0,0
EMP0722,Sales Floor,124,18.56,0,1,0,1,0
EMP0723,Sales Floor,19,17.43,1,1,1,0,1
EMP0724,Cashier,175,19.86,0,0,0,0,0
EMP0725,Cashier,142,20.54,0,0,0,0,0
EMP0726,Stockroom,120,21.08,0,0,0,1,0
EMP0727,Sales Floor,166,21.69,0,0,1,0,0
EMP0728,Stockroom,317,23.91,0,0,0,1,0
EMP0729,Sales Floor,164,21.42,0,0,0,0,0
EMP0730,Sales Floor,40,16.85,0,1,0,0,0
EMP0731,Sales Floor,286,25.07,0,0,0,0,0
EMP0732,Stockroom,265,24.27,0,0,0,0,0
EMP0733,Cashier,320,25.39,0,0,0,0,0
EMP0734,Cashier,161,19.97,0,0,0,0,0
EMP0735,Sales Floor,52,17.55,0,1,0,0,0
EMP0736,Customer Service,89,18.91,0,1,0,0,0
EMP0737,Sales Floor,142,20.80,1,0,0,1,1
EMP0738,Stockroom,203,21.90,0,0,0,0,0
EMP0739,Sales Floor,309,24.58,0,0,0,0,0
EMP0740,Sales Floor,187,22.05,0,0,0,0,0
EMP0741,Cashier,14,16.19,0,1,0,0,0
EMP0742,Sales Floor,41,16.24,0,1,0,0,0
EMP0743,Cashier,4,15.88,0,1,0,0,0
EMP0744,Cashier,68,17.11,0,1,0,0,0
EMP0745,Sales Floor,264,23.24,0,0,0,0,0
EMP0746,Customer Service,2,16.14,0,1,0,0,0
EMP0747,Sales Floor,105,18.05,1,1,0,0,1
EMP0748,Cashier,41,15.98,1,1,1,1,1
EMP0749,Customer Service,120,21.47,0,1,0,0,0
EMP0750,Cashier,127,17.56,1,1,0,0,1
EMP0751,Sales Floor,55,17.25,0,1,0,0,0
EMP0752,Customer Service,16,19.22,0,1,0,0,0
EMP0753,Cashier,62,16.06,0,1,0,0,0
EMP0754,Sales Floor,369,26.30,0,0,0,0,0
EMP0755,Sales Floor,48,18.19,0,1,0,1,0
EMP0756,Stockroom,158,22.22,0,0,0,0,0
EMP0757,Cashier,268,23.68,0,0,0,0,0
EMP0758,Cashier,35,17.13,0,1,0,0,0
EMP0759,Customer Service,11,18.79,0,1,0,0,0
EMP0760,Stockroom,46,17.62,0,1,0,0,0
EMP0761,Sales Floor,50,18.31,1,1,0,0,1
EMP0762,Sales Floor,5,14.66,0,1,0,0,0
EMP0763,Sales Floor,325,26.30,0,0,0,0,0
EMP0764,Cashier,304,23.77,0,0,0,0,0
EMP0765,Sales Floor,20,16.72,1,1,0,1,1
EMP0766,Cashier,172,19.54,0,1,0,0,0
EMP0767,Stockroom,161,21.70,0,0,0,0,0
EMP0768,Customer Service,201,21.81,0,1,0,0,0
EMP0769,Sales Floor,324,26.12,0,0,0,1,0
EMP0770,Stockroom,35,18.46,0,1,0,0,0
EMP0771,Sales Floor,216,21.15,0,0,0,0,0
EMP0772,Stockroom,96,20.09,0,1,0,0,0
EMP0773,Sales Floor,65,18.66,0,1,0,0,0
EMP0774,Sales Floor,8,16.62,0,1,0,0,0
EMP0775,Stockroom,76,18.23,1,1,1,1,1
EMP0776,Sales Floor,174,20.15,0,0,0,1,0
EMP0777,Sales Floor,47,16.50,0,1,0,1,0
EMP0778,Cashier,15,15.37,0,1,0,0,0
EMP0779,Cashier,105,19.63,0,0,0,0,0
EMP0780,Cashier,147,18.32,1,1,0,0,1
EMP0781,Cashier,26,17.21,0,1,0,0,0
EMP0782,Cashier,308,23.60,0,0,0,0,0
EMP0783,Sales Floor,29,16.87,1,1,0,1,1
EMP0784,Sales Floor,232,23.33,0,0,0,0,0
EMP0785,Sales Floor,21,17.74,0,1,0,0,0
EMP0786,Customer Service,307,25.56,0,0,0,0,0
EMP0787,Cashier,38,16.44,0,1,0,0,0
EMP0788,Sales Floor,20,16.30,0,1,0,0,0
EMP0789,Cashier,157,18.40,0,1,0,0,0
EMP0790,Customer Service,179,21.86,0,0,0,0,0
EMP0791,Sales Floor,132,19.54,0,1,0,0,0
EMP0792,Cashier,311,23.87,0,0,0,0,0
EMP0793,Cashier,71,18.14,0,1,0,0,0
EMP0794,Cashier,348,24.82,0,0,0,0,0
EMP0795,Sales Floor,28,16.75,0,1,0,0,0
EMP0796,Customer Service,260,24.51,0,0,0,0,0
EMP0797,Customer Service,406,29.50,0,0,0,0,0
EMP0798,Cashier,76,18.70,0,1,0,0,0
EMP0799,Cashier,67,17.46,0,1,0,0,0
EMP0800,Customer Service,86,20.76,0,1,0,0,0
EMP0801,Cashier,194,20.28,0,0,0,1,0
EMP0802,Sales Floor,162,20.62,0,0,0,1,0
EMP0803,Cashier,347,24.67,0,0,0,0,0
EMP0804,Cashier,105,18.16,0,1,0,0,0
EMP0805,Sales Floor,257,23.84,0,0,0,0,0
EMP0806,Cashier,72,18.64,1,1,1,0,1
EMP0807,Customer Service,38,17.42,0,1,0,0,0
EMP0808,Customer Service,262,25.18,0,0,0,0,0
EMP0809,Cashier,61,17.44,0,1,0,1,0
EMP0810,Sales Floor,12,15.19,1,1,0,0,1
EMP0811,Management,6,24.80,0,1,1,0,0
EMP0812,Stockroom,27,16.68,0,1,0,0,0
EMP0813,Sales Floor,136,18.78,0,1,0,0,0
EMP0814,Customer Service,93,19.31,0,1,0,0,0
EMP0815,Stockroom,13,16.16,0,1,0,0,0
EMP0816,Cashier,241,21.70,0,0,0,0,0
EMP0817,Cashier,40,17.36,0,1,0,0,0
EMP0818,Sales Floor,142,20.16,0,0,0,0,0
EMP0819,Sales Floor,35,18.43,1,1,0,0,1
EMP0820,Sales Floor,20,16.30,0,1,0,0,0
EMP0821,Stockroom,312,25.93,0,0,0,0,0
EMP0822,Sales Floor,177,22.03,0,0,0,0,0
EMP0823,Sales Floor,141,20.45,0,0,0,1,0
EMP0824,Sales Floor,49,17.10,0,1,0,1,0
EMP0825,Cashier,302,24.65,0,0,0,0,0
EMP0826,Customer Service,190,21.89,0,0,0,0,0
EMP0827,Sales Floor,136,19.26,0,1,0,1,0
EMP0828,Sales Floor,43,17.33,0,1,0,0,0
EMP0829,Cashier,90,18.23,0,1,0,0,0
EMP0830,Cashier,295,22.26,0,0,0,0,0
EMP0831,Sales Floor,341,26.81,0,0,0,0,0
EMP0832,Cashier,245,22.90,0,0,0,0,0
EMP0833,Sales Floor,433,28.01,0,0,1,0,0
EMP0834,Sales Floor,192,22.63,0,0,0,0,0
EMP0835,Cashier,318,24.15,0,0,0,0,0
EMP0836,Sales Floor,106,20.39,0,0,0,0,0
EMP0837,Customer Service,363,27.62,0,0,0,0,0
EMP0838,Sales Floor,310,23.45,0,0,0,0,0
EMP0839,Cashier,9,16.54,0,1,0,0,0
EMP0840,Cashier,88,18.48,0,1,0,0,0
EMP0841,Sales Floor,37,17.85,0,1,0,0,0
EMP0842,Cashier,305,25.33,0,0,0,0,0
EMP0843,Sales Floor,41,17.97,0,1,0,0,0
EMP0844,Management,17,26.31,0,1,0,0,0
EMP0845,Sales Floor,344,26.63,0,0,0,0,0
EMP0846,Sales Floor,21,17.10,0,1,0,0,0
EMP0847,Sales Floor,51,17.14,1,1,0,1,1
EMP0848,Management,7,26.85,0,1,0,0,0
EMP0849,Cashier,55,16.19,0,1,0,0,0
EMP0850,Cashier,41,17.28,0,1,0,0,0
EMP0851,Sales Floor,39,18.23,0,1,0,0,0
EMP0852,Cashier,192,21.53,0,0,0,0,0
EMP0853,Sales Floor,11,16.90,0,1,0,0,0
EMP0854,Customer Service,19,18.79,0,1,0,0,0
EMP0855,Sales Floor,395,26.87,0,0,0,0,0
EMP0856,Sales Floor,77,19.26,0,1,0,0,0
EMP0857,Sales Floor,1,15.14,0,1,0,0,0
EMP0858,Cashier,168,19.05,0,1,0,0,0
EMP0859,Cashier,19,15.38,1,1,0,0,1
EMP0860,Sales Floor,72,18.09,0,1,0,0,0
EMP0861,Stockroom,61,18.23,0,1,0,0,0
EMP0862,Cashier,21,17.05,0,1,0,1,0
EMP0863,Cashier,109,18.24,0,1,0,0,0
EMP0864,Sales Floor,268,23.40,0,0,0,0,0
EMP0865,Sales Floor,16,14.98,0,1,0,1,0
EMP0866,Cashier,417,26.81,0,0,0,0,0
EMP0867,Sales Floor,45,17.69,0,1,0,0,0
EMP0868,Sales Floor,90,17.05,0,1,1,1,0
EMP0869,Stockroom,103,18.70,0,1,1,0,0
EMP0870,Customer Service,250,23.57,0,0,0,0,0
EMP0871,Sales Floor,8,14.85,0,1,0,0,0
EMP0872,Sales Floor,25,16.63,0,1,0,0,0
EMP0873,Cashier,174,19.38,0,1,0,0,0
EMP0874,Sales Floor,343,26.26,0,0,0,0,0
EMP0875,Sales Floor,158,21.43,0,0,0,0,0
EMP0876,Sales Floor,45,17.39,0,1,0,0,0
EMP0877,Cashier,84,19.28,0,1,0,0,0
EMP0878,Cashier,338,24.74,0,0,0,0,0
EMP0879,Sales Floor,146,20.10,0,0,0,1,0
EMP0880,Sales Floor,68,19.36,0,1,0,0,0
EMP0881,Sales Floor,478,28.47,0,0,0,1,0
EMP0882,Cashier,161,21.30,0,0,0,0,0
EMP0883,Sales Floor,127,18.16,0,1,0,0,0
EMP0884,Sales Floor,82,18.12,0,1,1,0,0
EMP0885,Stockroom,147,19.29,0,1,0,0,0
EMP0886,Sales Floor,156,21.02,0,0,0,0,0
EMP0887,Cashier,84,18.16,0,1,0,0,0
EMP0888,Sales Floor,76,18.73,0,1,0,0,0
EMP0889,Sales Floor,122,19.01,0,1,0,0,0
EMP0890,Sales Floor,15,16.03,1,1,0,0,1
EMP0891,Cashier,41,15.27,0,1,0,0,0
EMP0892,Stockroom,258,23.22,0,0,0,0,0
EMP0893,Stockroom,105,20.70,0,0,0,0,0
EMP0894,Sales Floor,202,21.25,0,0,0,0,0
EMP0895,Cashier,450,28.99,0,0,0,0,0
EMP0896,Sales Floor,51,18.44,0,1,0,1,0
EMP0897,Sales Floor,75,17.70,0,1,0,0,0
EMP0898,Customer Service,461,30.70,0,0,0,0,0
EMP0899,Sales Floor,266,22.18,0,0,0,0,0
EMP0900,Sales Floor,2,14.87,1,1,0,0,0
EMP0901,Sales Floor,51,16.06,0,1,0,0,0
EMP0902,Sales Floor,118,19.52,0,1,0,0,0
EMP0903,Sales Floor,201,21.36,0,0,0,0,0
EMP0904,Cashier,39,16.73,0,1,0,0,0
EMP0905,Sales Floor,28,16.84,0,1,0,0,0
EMP0906,Customer Service,3,17.13,0,1,0,0,0
EMP0907,Stockroom,84,19.37,0,1,0,0,0
EMP0908,Sales Floor,454,29.39,0,0,0,0,0
EMP0909,Sales Floor,155,18.85,0,1,0,0,0
EMP0910,Sales Floor,117,18.37,0,1,0,0,0
EMP0911,Cashier,2,16.20,0,1,0,0,0
EMP0912,Sales Floor,93,18.24,0,1,0,0,0
EMP0913,Cashier,166,20.60,0,0,0,0,0
EMP0914,Sales Floor,387,26.29,0,0,0,0,0
EMP0915,Cashier,144,19.17,0,1,0,0,0
EMP0916,Sales Floor,350,24.70,0,0,0,0,0
EMP0917,Sales Floor,296,23.50,0,0,0,0,0
EMP0918,Customer Service,258,24.98,0,0,0,0,0
EMP0919,Stockroom,17,16.77,1,1,0,0,1
EMP0920,Sales Floor,425,28.63,0,0,0,0,0
EMP0921,Stockroom,12,17.89,1,1,0,0,1
EMP0922,Cashier,3,15.71,0,1,0,0,0
EMP0923,Customer Service,235,24.80,0,0,0,0,0
EMP0924,Stockroom,65,17.73,0,1,0,0,0
EMP0925,Sales Floor,7,15.94,1,1,0,0,0
EMP0926,Sales Floor,45,17.89,0,1,0,0,0
EMP0927,Sales Floor,15,16.08,0,1,0,0,0
EMP0928,Cashier,213,21.68,0,0,0,0,0
EMP0929,Cashier,62,16.28,1,1,1,0,1
EMP0930,Sales Floor,31,17.16,0,1,0,0,0
EMP0931,Sales Floor,153,21.33,0,0,0,0,0
EMP0932,Stockroom,23,18.24,1,1,0,0,1
EMP0933,Management,408,37.51,0,0,0,0,0
EMP0934,Cashier,107,19.21,0,1,0,0,0
EMP0935,Sales Floor,420,27.84,0,0,1,0,0
EMP0936,Sales Floor,99,19.00,0,1,0,0,0
EMP0937,Sales Floor,73,16.93,0,1,0,0,0
EMP0938,Customer Service,437,29.47,0,0,1,0,0
EMP0939,Sales Floor,486,29.35,0,0,0,0,0
EMP0940,Cashier,122,20.26,0,0,0,0,0
EMP0941,Sales Floor,30,16.63,0,1,0,0,0
EMP0942,Cashier,188,20.87,0,0,0,0,0
EMP0943,Cashier,108,18.60,0,1,0,1,0
EMP0944,Stockroom,354,26.74,0,0,0,0,0
EMP0945,Sales Floor,288,24.74,0,0,0,0,0
EMP0946,Sales Floor,195,20.59,0,0,1,0,0
EMP0947,Sales Floor,156,20.42,0,0,0,0,0
EMP0948,Customer Service,172,23.26,0,0,0,0,0
EMP0949,Customer Service,79,19.58,0,1,0,1,0
EMP0950,Cashier,41,15.97,0,1,0,0,0
EMP0951,Cashier,23,16.60,0,1,0,1,0
EMP0952,Cashier,104,19.36,0,1,0,0,0
EMP0953,Sales Floor,75,16.77,0,1,0,0,0
EMP0954,Customer Service,48,19.66,0,1,0,0,0
EMP0955,Sales Floor,32,17.85,0,1,0,0,0
EMP0956,Sales Floor,57,17.47,1,1,0,0,1
EMP0957,Cashier,118,20.23,0,0,0,0,0
EMP0958,Sales Floor,100,19.64,0,1,0,0,0
EMP0959,Sales Floor,1,16.85,1,1,0,0,0
EMP0960,Cashier,167,20.88,0,0,1,0,0
EMP0961,Sales Floor,2,15.01,0,1,0,0,0
EMP0962,Cashier,156,18.99,0,1,0,0,0
EMP0963,Sales Floor,165,20.48,0,0,0,1,0
EMP0964,Sales Floor,7,15.49,0,1,0,0,0
EMP0965,Sales Floor,196,21.19,0,0,0,0,0
EMP0966,Sales Floor,165,21.75,0,0,0,0,0
EMP0967,Cashier,56,18.03,0,1,0,0,0
EMP0968,Sales Floor,193,21.75,0,0,0,1,0
EMP0969,Cashier,15,16.99,0,1,0,0,0
EMP0970,Cashier,148,20.46,0,0,0,0,0
EMP0971,Cashier,275,22.93,0,0,0,0,0
EMP0972,Customer Service,157,20.96,0,1,0,0,0
EMP0973,Cashier,202,21.15,0,0,0,0,0
EMP0974,Sales Floor,146,20.76,0,0,0,0,0
EMP0975,Sales Floor,3,15.89,1,1,1,0,0
EMP0976,Sales Floor,171,21.25,0,0,0,0,0
EMP0977,Cashier,31,15.14,0,1,0,0,0
EMP0978,Sales Floor,126,20.24,0,0,0,0,0
EMP0979,Cashier,395,27.41,0,0,0,0,0
EMP0980,Cashier,49,17.48,0,1,0,0,0
EMP0981,Sales Floor,294,25.57,0,0,0,0,0
EMP0982,Stockroom,64,19.26,0,1,0,0,0
EMP0983,Sales Floor,325,26.24,0,0,0,1,0
EMP0984,Sales Floor,8,17.52,0,1,0,0,0
EMP0985,Cashier,162,20.90,0,0,0,0,0
EMP0986,Cashier,176,20.91,0,0,0,0,0
EMP0987,Cashier,12,14.35,1,1,1,0,1
EMP0988,Sales Floor,31,16.76,1,1,0,0,1
EMP0989,Sales Floor,132,19.88,0,0,0,0,0
EMP0990,Stockroom,45,17.16,1,1,0,0,1
EMP0991,Stockroom,69,17.87,0,1,0,0,0
EMP0992,Cashier,376,27.33,0,0,0,0,0
EMP0993,Sales Floor,344,26.73,0,0,0,1,0
EMP0994,Cashier,67,18.41,0,1,0,0,0
EMP0995,Sales Floor,75,17.80,0,1,0,0,0
EMP0996,Sales Floor,45,15.79,1,1,0,0,1
EMP0997,Customer Service,4,16.35,0,1,0,0,0
EMP0998,Sales Floor,154,19.71,0,0,0,0,0
EMP0999,Management,155,28.35,0,1,0,0,0
EMP1000,Sales Floor,234,21.05,0,0,0,1,0
