Employee_ID,Age,Department,Tenure_Months,Hourly_Rate,Distance_From_Store_Miles,Overtime_Hours_Weekly,Job_Satisfaction_Score,Manager_Change_Last_6M,Performance_Rating,Left_Company
EMP0001,29,Sales Floor,60,17.35,6,0,3,0,2,0
EMP0002,33,Management,191,30.25,7.1,4.6,5,1,3,0
EMP0003,41,Cashier,160,18.89,4.2,0,4,0,4,0
EMP0004,36,Cashier,93,18.05,5,0,3,0,3,0
EMP0005,25,Sales Floor,43,16.08,0.9,5.1,2,0,3,0
EMP0006,48,Sales Floor,254,24.06,1.2,11.3,3,0,3,0
EMP0007,38,Sales Floor,130,19.22,9.3,0,4,0,3,0
EMP0008,34,Stockroom,60,17.79,11,0,4,0,3,0
EMP0009,40,Cashier,151,19.62,10.3,5.5,2,0,3,1
EMP0010,54,Cashier,287,23.3,5.8,2.4,4,0,3,0
EMP0011,33,Sales Floor,5,17.62,13.5,8.5,3,1,5,1
EMP0012,23,Management,34,26.58,12.3,0.6,5,0,4,0
EMP0013,25,Stockroom,10,15.54,10.8,4.2,5,0,3,0
EMP0014,42,Sales Floor,130,19.93,4.9,0,4,0,3,0
EMP0015,35,Sales Floor,126,18.45,8,2,4,0,3,0
EMP0016,42,Sales Floor,267,22.01,5,4.4,2,0,5,0
EMP0017,29,Sales Floor,56,18.97,5.8,0,4,0,2,0
EMP0018,32,Cashier,83,18.63,8,0,3,0,3,0
EMP0019,43,Sales Floor,99,20.19,14.2,9.3,2,1,3,1
EMP0020,58,Sales Floor,149,20.07,6.5,0,3,0,5,0
EMP0021,43,Cashier,156,19.93,1.4,0,4,0,2,0
EMP0022,49,Sales Floor,190,20.28,19.6,6.6,2,0,3,0
EMP0023,27,Sales Floor,110,18.3,4.3,0,3,0,3,0
EMP0024,33,Sales Floor,115,20.21,1.5,1.6,3,0,1,0
EMP0025,24,Cashier,7,15.26,6,0,1,0,3,1
EMP0026,34,Stockroom,80,19.7,8.3,9,2,0,3,0
EMP0027,40,Sales Floor,252,23.63,11.1,6.3,4,1,3,0
EMP0028,43,Cashier,97,17.23,6.3,5.4,4,1,2,0
EMP0029,38,Cashier,4,15.63,3.5,0,2,0,2,1
EMP0030,39,Sales Floor,260,23.75,6,3.4,4,1,3,0
EMP0031,24,Cashier,40,15.82,5.8,0,4,0,3,0
EMP0032,31,Sales Floor,17,17.46,8.4,0,3,1,4,0
EMP0033,32,Sales Floor,101,18.94,5.2,2.8,4,0,2,0
EMP0034,24,Customer Service,52,17.94,22.9,8.1,5,0,1,0
EMP0035,26,Management,93,28.33,11.3,0,3,1,3,0
EMP0036,25,Stockroom,52,19.44,3.3,0,2,1,3,0
EMP0037,40,Sales Floor,124,18.4,3,0,5,1,3,0
EMP0038,46,Sales Floor,231,23.37,2.9,0,3,0,4,0
EMP0039,35,Cashier,178,19.57,7.6,7.1,1,1,2,1
EMP0040,48,Sales Floor,63,18.6,5.6,3.3,3,1,3,0
EMP0041,47,Sales Floor,116,19.93,2.4,0,3,0,3,0
EMP0042,56,Cashier,191,20.21,0.6,9.1,4,0,3,0
EMP0043,52,Sales Floor,62,17.2,3.8,0,3,0,5,0
EMP0044,35,Customer Service,7,18.57,8,6,2,1,3,1
EMP0045,59,Sales Floor,155,20.19,1.7,0,3,0,3,0
EMP0046,56,Cashier,92,18.75,3.9,12.6,3,0,3,0
EMP0047,34,Sales Floor,14,15.33,11.5,0,2,0,3,0
EMP0048,31,Cashier,86,18.95,0.2,0,3,0,4,0
EMP0049,48,Cashier,133,19.83,3.6,4.4,4,0,4,0
EMP0050,41,Sales Floor,183,22.3,3.3,0,1,0,4,0
EMP0051,52,Management,386,35.12,1.3,9.6,3,1,3,0
EMP0052,61,Stockroom,405,28.03,1.5,2.1,2,0,3,0
EMP0053,51,Customer Service,246,24.63,9.1,9.3,2,1,3,0
EMP0054,20,Customer Service,15,17.48,13.4,0,3,0,3,1
EMP0055,54,Cashier,149,19.51,2.7,6.3,2,0,1,0
EMP0056,60,Customer Service,471,29.2,10,0,4,0,3,0
EMP0057,57,Sales Floor,314,25.46,5.5,5.1,2,0,4,0
EMP0058,43,Sales Floor,65,17.95,4.6,0,4,0,3,0
EMP0059,40,Sales Floor,13,15.03,13.7,0,1,1,3,1
EMP0060,61,Sales Floor,213,22.46,2.6,8.5,5,0,4,0
EMP0061,56,Sales Floor,242,22.62,3.2,2.5,3,0,2,0
EMP0062,32,Sales Floor,82,16.88,1.9,0,4,0,3,0
EMP0063,21,Stockroom,37,18.94,7.6,0,2,0,3,0
EMP0064,46,Sales Floor,173,22.15,13.5,6.6,3,1,3,0
EMP0065,39,Sales Floor,160,20.48,6.5,8.1,2,0,3,0
EMP0066,42,Cashier,164,18.84,17.3,8.5,5,0,2,0
EMP0067,30,Sales Floor,139,20.62,10.5,3,3,0,3,0
EMP0068,35,Stockroom,191,21.78,11.8,0,3,0,2,0
EMP0069,50,Sales Floor,308,23.96,6.6,1.4,4,0,5,0
EMP0070,33,Management,183,30.56,2.7,0,3,0,3,0
EMP0071,59,Stockroom,117,19.82,5.2,4.3,4,0,3,0
EMP0072,61,Sales Floor,510,30.35,12.2,0,3,0,1,0
EMP0073,19,Sales Floor,4,15.93,4,12,4,0,2,0
EMP0074,52,Stockroom,34,17.76,10,0,3,1,3,0
EMP0075,59,Cashier,52,18.2,2.3,8.5,3,0,2,0
EMP0076,51,Cashier,112,18.2,9.7,0,2,1,3,0
EMP0077,47,Stockroom,252,24.18,6,6.3,4,1,3,0
EMP0078,30,Sales Floor,82,19.46,4.2,13.6,3,0,4,0
EMP0079,30,Sales Floor,42,17.03,5.9,0,3,0,3,0
EMP0080,35,Sales Floor,21,16.41,8.9,0,5,0,3,0
EMP0081,49,Stockroom,42,17.97,11.5,12.3,1,1,3,1
EMP0082,49,Cashier,113,18.91,3.1,8.7,4,0,3,0
EMP0083,52,Sales Floor,105,19.84,3.9,0,5,0,3,0
EMP0084,56,Sales Floor,192,21.26,8.4,0,4,0,2,0
EMP0085,46,Sales Floor,17,17.96,22.1,0,4,1,4,0
EMP0086,46,Sales Floor,120,18.01,19.9,1.7,3,0,2,0
EMP0087,61,Cashier,393,24.93,12.3,0,2,0,1,0
EMP0088,33,Cashier,169,20.62,14.6,5.6,4,0,2,0
EMP0089,61,Customer Service,129,20.48,2.6,0,2,0,4,0
EMP0090,27,Cashier,2,14.78,2.3,9.7,2,0,3,1
EMP0091,47,Sales Floor,60,17.1,2,3.7,4,1,4,0
EMP0092,42,Cashier,48,16.1,2.5,0,2,1,3,0
EMP0093,56,Stockroom,29,15.9,8.2,2.3,5,1,3,0
EMP0094,37,Cashier,97,19.61,5.7,4.8,4,0,3,0
EMP0095,22,Stockroom,10,15.94,9.2,0,4,0,4,0
EMP0096,18,Cashier,2,16.26,13.5,2.3,4,0,1,1
EMP0097,47,Cashier,314,25.01,6.5,0,4,0,3,0
EMP0098,20,Sales Floor,21,17.87,5.7,3.8,4,0,2,0
EMP0099,31,Sales Floor,28,15.37,17.6,0,3,0,4,0
EMP0100,47,Sales Floor,203,22.76,4,12.8,2,0,3,0
EMP0101,21,Sales Floor,34,17.03,1.6,5.3,4,0,3,0
EMP0102,35,Cashier,8,16.12,8,0,4,0,3,0
EMP0103,54,Sales Floor,443,28.74,3.5,0,3,1,5,0
EMP0104,42,Cashier,214,22.4,6.3,6.1,1,0,4,0
EMP0105,18,Customer Service,8,17.22,2.6,0,3,1,3,0
EMP0106,32,Sales Floor,177,21.62,8.2,2.2,1,1,3,0
EMP0107,26,Sales Floor,79,18.28,5.5,0,5,0,2,0
EMP0108,32,Stockroom,145,21.41,5.3,7.6,5,0,4,0
EMP0109,41,Sales Floor,173,22.28,9.2,0,2,0,3,0
EMP0110,21,Sales Floor,19,15.63,13.8,0,3,1,3,0
EMP0111,29,Sales Floor,69,19.4,16.7,10.1,1,0,3,1
EMP0112,54,Sales Floor,416,26.32,9.1,0,4,1,4,0
EMP0113,54,Customer Service,428,27.9,5.8,0,2,0,3,0
EMP0114,60,Stockroom,449,27.6,5.9,1.8,3,1,3,0
EMP0115,23,Cashier,8,15.25,10.7,2.3,3,1,4,0
EMP0116,56,Customer Service,333,27.15,2.5,7.2,2,0,3,0
EMP0117,41,Stockroom,200,20.76,3,5.8,3,0,3,0
EMP0118,28,Sales Floor,87,16.93,1,9.2,1,0,5,0
EMP0119,30,Customer Service,43,20.01,11.3,7.1,3,0,5,0
EMP0120,51,Cashier,385,27.16,14.9,0,1,0,4,0
EMP0121,42,Stockroom,109,20.46,9.2,0,3,1,3,0
EMP0122,24,Customer Service,51,20.07,1.2,6.3,4,0,3,0
EMP0123,21,Sales Floor,24,17.27,8.1,0,4,1,4,0
EMP0124,25,Sales Floor,24,15.48,4.1,0,4,1,3,0
EMP0125,37,Sales Floor,17,16.17,7.1,1.4,5,0,4,0
EMP0126,46,Sales Floor,133,20.36,17,1.4,1,1,4,1
EMP0127,27,Stockroom,20,16.4,2.8,3.4,2,0,3,0
EMP0128,60,Stockroom,277,24.76,9.3,0,3,1,4,0
EMP0129,51,Sales Floor,232,21.02,5.1,0,4,0,4,0
EMP0130,43,Cashier,228,21.25,5.9,10.3,5,0,2,0
EMP0131,58,Sales Floor,139,20.01,1.3,0,1,0,3,0
EMP0132,20,Sales Floor,15,16.81,4.2,0,3,0,2,0
EMP0133,23,Sales Floor,7,16.43,2,6.9,2,0,3,0
EMP0134,22,Sales Floor,51,18.01,9.6,0,4,0,2,0
EMP0135,22,Customer Service,28,16.8,6.1,18.9,3,0,3,0
EMP0136,40,Sales Floor,51,16.22,8.4,0,1,1,4,1
EMP0137,26,Cashier,107,19.58,2.9,0,3,0,5,0
EMP0138,52,Cashier,261,23.3,3.8,7.5,3,0,3,0
EMP0139,37,Sales Floor,5,14.98,10.6,5.5,4,0,3,0
EMP0140,59,Management,350,36.25,4.6,8.1,1,1,3,0
EMP0141,52,Management,352,34.5,3.7,0,4,1,5,0
EMP0142,35,Sales Floor,8,16.16,9.7,10.1,3,0,3,1
EMP0143,34,Cashier,64,16.21,2.9,0,4,0,3,0
EMP0144,41,Sales Floor,138,20.46,3.9,0,4,0,4,0
EMP0145,20,Sales Floor,32,17.39,5.6,10.5,2,0,3,0
EMP0146,49,Sales Floor,368,25.36,7.8,0,1,1,4,0
EMP0147,52,Cashier,220,22.7,4.8,6.5,4,0,4,0
EMP0148,55,Cashier,337,24.57,1.5,0,2,1,5,0
EMP0149,30,Sales Floor,136,19.16,8.6,7.9,4,0,3,0
EMP0150,42,Sales Floor,256,22.07,12.4,0,4,1,3,0
EMP0151,26,Customer Service,104,19.69,3.6,0,4,0,4,0
EMP0152,21,Sales Floor,25,15.26,4.5,0,2,1,3,0
EMP0153,31,Sales Floor,73,18.28,2.2,11.9,2,1,3,1
EMP0154,54,Cashier,434,28.58,5.8,8.7,3,1,2,0
EMP0155,51,Management,49,27.01,2.6,2.7,1,0,1,0
EMP0156,28,Sales Floor,36,16.16,14.6,10.1,4,0,3,0
EMP0157,58,Cashier,382,24.71,4.3,0,4,0,3,0
EMP0158,20,Stockroom,4,15.75,3.9,0,3,0,3,0
EMP0159,45,Sales Floor,78,17.92,4.2,0,4,0,3,0
EMP0160,46,Cashier,105,19.2,2.9,8.2,2,0,3,0
EMP0161,26,Sales Floor,41,16.2,6.4,5.5,2,0,3,1
EMP0162,20,Cashier,25,16.85,4.2,6.3,5,0,3,0
EMP0163,42,Cashier,119,19.91,9.9,0,5,0,3,0
EMP0164,51,Cashier,190,20.64,6.3,0,3,0,3,0
EMP0165,29,Sales Floor,114,20.13,8.1,3.6,5,0,2,0
EMP0166,59,Stockroom,266,24.05,8.7,0,3,0,3,0
EMP0167,26,Sales Floor,21,16.99,12.4,0,2,0,3,0
EMP0168,32,Sales Floor,164,20.63,3.7,7.2,2,0,3,0
EMP0169,57,Sales Floor,140,19.78,3.1,0.8,5,1,3,0
EMP0170,42,Cashier,258,21.87,3.5,0,2,1,3,0
EMP0171,22,Cashier,54,16.41,5.5,0,3,1,2,0
EMP0172,28,Sales Floor,13,15.73,6.8,0,3,1,4,0
EMP0173,51,Cashier,181,20.72,2.5,0,4,0,1,0
EMP0174,41,Sales Floor,160,19.3,3.3,7,3,0,5,0
EMP0175,32,Cashier,95,19.39,6.8,0,2,0,3,0
EMP0176,55,Sales Floor,400,27.77,6.2,0,2,0,3,0
EMP0177,25,Cashier,32,16.09,4,10.4,3,0,3,1
EMP0178,22,Sales Floor,32,15.86,1.5,0,4,0,1,0
EMP0179,43,Customer Service,226,24.92,6.1,0,3,0,3,0
EMP0180,35,Sales Floor,11,17.28,8.5,11.3,4,0,2,0
EMP0181,23,Sales Floor,10,16.94,8.2,0,2,1,3,0
EMP0182,54,Sales Floor,271,22.84,4.5,7.5,4,0,3,0
EMP0183,30,Customer Service,17,17.68,2.6,0,3,0,4,0
EMP0184,45,Customer Service,183,21.39,1.8,0,2,0,3,0
EMP0185,22,Sales Floor,9,15.32,2.4,8.7,3,0,4,0
EMP0186,30,Cashier,153,20.6,7.4,6.6,4,0,3,0
EMP0187,34,Stockroom,59,18.78,4.2,6.8,4,1,2,0
EMP0188,57,Cashier,334,25.06,5.3,9.2,2,0,3,0
EMP0189,49,Cashier,124,20.13,1,6.9,4,0,3,0
EMP0190,46,Sales Floor,114,19.42,10.2,0,1,0,2,0
EMP0191,20,Sales Floor,22,16.51,12.2,4.8,1,0,3,1
EMP0192,57,Customer Service,414,28.52,2.9,0,3,1,3,0
EMP0193,51,Customer Service,213,24.74,14.1,4.5,3,0,4,0
EMP0194,57,Cashier,172,19.03,3.7,0,4,1,3,0
EMP0195,44,Sales Floor,288,25.29,2.3,0,2,1,5,0
EMP0196,30,Sales Floor,113,20.12,2.7,8.7,1,1,5,0
EMP0197,50,Cashier,376,24.83,3.5,0,3,0,4,0
EMP0198,23,Customer Service,21,18.28,3.2,0,1,0,3,0
EMP0199,41,Customer Service,122,21.99,4,0,1,0,2,0
EMP0200,36,Stockroom,32,17.6,2.9,9.8,2,0,3,0
EMP0201,33,Cashier,119,20.03,9.3,0,3,0,3,0
EMP0202,57,Sales Floor,39,18.41,3.3,2.3,2,1,3,0
EMP0203,45,Sales Floor,268,23.21,1.1,0,3,1,2,0
EMP0204,50,Customer Service,233,23.6,2,10,1,1,3,0
EMP0205,58,Cashier,431,28.78,4.2,2.2,2,0,1,0
EMP0206,30,Sales Floor,18,17.03,4.7,1.7,3,0,3,1
EMP0207,60,Sales Floor,149,18.99,9.6,15.5,2,0,2,0
EMP0208,42,Cashier,149,18.27,4.5,7.8,3,1,3,0
EMP0209,59,Sales Floor,126,19.69,6.1,4.2,1,1,4,1
EMP0210,53,Sales Floor,392,28.18,3.7,0,3,0,2,0
EMP0211,44,Cashier,302,24.92,6.3,0,2,0,3,0
EMP0212,55,Cashier,360,26.03,1,0,1,1,4,0
EMP0213,24,Cashier,7,14.61,6.4,4.1,3,1,3,0
EMP0214,22,Sales Floor,23,15.9,4.1,0,5,1,2,0
EMP0215,60,Cashier,236,23.18,10,4.7,1,0,3,0
EMP0216,48,Sales Floor,224,21.27,10.5,5.6,3,0,3,0
EMP0217,40,Sales Floor,203,20.97,7,0,4,0,3,0
EMP0218,59,Cashier,256,21.5,3.7,5.8,3,0,2,0
EMP0219,27,Cashier,86,18.42,3.9,3.8,4,0,3,0
EMP0220,49,Stockroom,150,22,2.1,5.8,2,0,3,0
EMP0221,60,Cashier,235,21.33,4.3,5.1,5,1,4,0
EMP0222,47,Cashier,345,25.01,1.4,0,3,0,3,0
EMP0223,56,Sales Floor,22,17.01,4.3,5.3,2,1,4,1
EMP0224,48,Sales Floor,348,27.17,9.7,12.1,4,0,3,0
EMP0225,35,Sales Floor,29,15.62,3.4,0,3,0,3,0
EMP0226,53,Sales Floor,269,23.47,6.4,8.7,3,0,3,0
EMP0227,19,Management,18,25.66,8,7.1,4,0,3,0
EMP0228,31,Sales Floor,2,17.15,9.2,0,3,0,3,0
EMP0229,30,Customer Service,29,18.23,3.4,0,2,0,4,0
EMP0230,46,Cashier,213,20.25,2.1,5.1,3,0,3,0
EMP0231,29,Stockroom,27,17.65,1.9,3.4,2,0,3,0
EMP0232,56,Cashier,50,17.7,2.3,7.4,4,0,3,0
EMP0233,19,Cashier,15,14.43,3.6,7.5,5,1,4,0
EMP0234,49,Cashier,88,19.02,1.3,5.9,3,0,3,0
EMP0235,30,Sales Floor,44,16.28,2.8,0,3,0,3,0
EMP0236,44,Cashier,278,23.38,10.2,8.1,1,1,3,0
EMP0237,58,Sales Floor,171,20.5,9.7,0,1,0,3,0
EMP0238,34,Sales Floor,165,21.24,0.6,2.1,5,1,5,0
EMP0239,57,Cashier,189,20.36,21.5,1.9,2,0,4,0
EMP0240,48,Sales Floor,353,26.91,11.9,8.5,3,1,3,0
EMP0241,51,Customer Service,184,23.3,1.3,5.7,4,0,3,0
EMP0242,41,Management,3,26.03,5.2,14.4,4,1,4,0
EMP0243,52,Customer Service,191,23.69,3.4,0,3,1,3,0
EMP0244,23,Sales Floor,19,17.29,3.1,0.4,3,0,5,0
EMP0245,36,Sales Floor,23,15.25,1.2,5,3,0,3,0
EMP0246,47,Customer Service,30,18.02,9.1,4.5,5,0,2,0
EMP0247,24,Sales Floor,39,18.38,9,0,3,1,2,0
EMP0248,27,Management,108,27.38,6.6,0,3,0,3,0
EMP0249,58,Management,367,36.41,16.9,0,1,1,5,0
EMP0250,49,Stockroom,281,25.73,4.4,0,1,0,1,0
EMP0251,51,Sales Floor,128,18.21,2.8,0,3,1,3,0
EMP0252,45,Sales Floor,229,22.91,2.1,0,5,0,3,0
EMP0253,32,Stockroom,111,19.49,2.4,9.1,4,0,3,0
EMP0254,47,Sales Floor,136,20.02,11.7,2,5,0,3,0
EMP0255,54,Sales Floor,362,24.81,6.7,0,3,0,4,0
EMP0256,46,Cashier,186,19.3,3.6,0,4,0,1,0
EMP0257,39,Customer Service,144,22,3,0,4,0,4,0
EMP0258,21,Cashier,8,16.69,8.5,0,3,0,3,0
EMP0259,37,Cashier,129,19.93,1.5,0,2,1,3,1
EMP0260,49,Sales Floor,364,26.24,1.8,0,3,1,4,0
EMP0261,53,Cashier,261,21.55,9.1,0,4,0,3,0
EMP0262,21,Management,3,26.15,6.4,0,2,0,2,0
EMP0263,44,Sales Floor,104,18.11,2.1,0,5,0,3,0
EMP0264,34,Cashier,64,18.51,5.4,6,2,0,3,0
EMP0265,29,Customer Service,106,21.46,2.4,0,4,0,3,0
EMP0266,39,Cashier,10,16.41,5.3,6.2,3,0,3,0
EMP0267,34,Cashier,149,20.99,4.8,0,4,0,1,0
EMP0268,27,Cashier,46,15.37,3.4,9.9,3,1,3,0
EMP0269,18,Sales Floor,7,16.9,3.4,0,5,0,2,0
EMP0270,39,Sales Floor,219,21.57,2,5.3,3,1,4,0
EMP0271,43,Stockroom,66,19.55,3.7,7.3,2,0,1,0
EMP0272,35,Stockroom,169,20.49,13.3,0,3,0,3,0
EMP0273,31,Stockroom,112,20.29,5,8.7,2,0,1,0
EMP0274,46,Customer Service,13,18.99,18.4,0,2,0,2,1
EMP0275,29,Cashier,137,17.93,0.9,0,3,0,3,0
EMP0276,53,Cashier,420,26.86,3.2,4.8,4,0,3,0
EMP0277,52,Stockroom,86,19.68,7.5,6.2,3,0,1,0
EMP0278,29,Cashier,90,17.86,21.5,0,3,0,1,1
EMP0279,24,Cashier,58,16.41,1.3,4.1,3,0,2,0
EMP0280,46,Stockroom,54,17.16,4.9,0,2,1,4,0
EMP0281,28,Customer Service,12,16.73,7,0,5,0,3,0
EMP0282,50,Sales Floor,209,22.88,12,10.8,3,0,1,0
EMP0283,23,Sales Floor,14,16.61,3.2,0,5,0,3,0
EMP0284,32,Sales Floor,121,18.09,4,0,2,0,3,0
EMP0285,49,Cashier,377,25.62,2,5.3,2,0,4,0
EMP0286,28,Sales Floor,20,16.16,3.8,6,4,0,5,0
EMP0287,40,Cashier,75,16.63,4.4,0,3,0,3,0
EMP0288,43,Cashier,243,22.06,6.7,4.3,2,0,2,0
EMP0289,51,Sales Floor,223,21.69,8.6,2,2,1,3,0
EMP0290,51,Cashier,70,16.97,1.5,0,4,0,4,0
EMP0291,46,Sales Floor,312,25.38,2.9,3.3,3,0,5,0
EMP0292,21,Sales Floor,19,15.7,6.4,3.3,3,0,3,1
EMP0293,34,Stockroom,101,19.73,1,1.2,2,0,3,0
EMP0294,52,Sales Floor,186,21.38,14.8,0,3,1,3,0
EMP0295,30,Sales Floor,132,19.87,11.2,0,5,0,3,0
EMP0296,58,Cashier,111,19.07,7.1,0,2,0,3,0
EMP0297,56,Stockroom,381,27.23,8.2,4.8,3,0,3,0
EMP0298,32,Sales Floor,132,20.8,10.6,2.1,4,0,1,0
EMP0299,46,Cashier,20,16.58,11,0,2,0,3,1
EMP0300,46,Sales Floor,24,16.81,7.2,0,3,0,3,0
EMP0301,28,Sales Floor,37,18.02,1.7,0,3,0,1,0
EMP0302,49,Cashier,230,22.21,6.4,1.2,3,0,2,0
EMP0303,19,Cashier,21,15.46,11.3,13.8,3,0,3,1
EMP0304,31,Cashier,54,16.12,5.7,0,3,0,4,0
EMP0305,37,Cashier,232,20.9,9.2,0,3,0,4,0
EMP0306,39,Management,202,32.31,8.2,8.9,3,1,1,0
EMP0307,28,Cashier,38,17.19,9.2,4.9,3,0,3,0
EMP0308,44,Sales Floor,260,24.53,3.3,3.7,1,0,3,0
EMP0309,20,Stockroom,20,17.37,9,14,3,0,3,1
EMP0310,34,Sales Floor,17,16.39,2.5,8.3,5,0,3,0
EMP0311,61,Sales Floor,119,17.98,2.5,11.2,3,0,4,0
EMP0312,45,Sales Floor,71,18.49,3.7,11.5,4,1,3,0
EMP0313,46,Sales Floor,4,16.36,7.9,6.8,3,0,5,0
EMP0314,38,Management,221,33.11,6.2,0,4,0,5,0
EMP0315,33,Stockroom,14,16.11,5.8,0,5,0,4,0
EMP0316,54,Cashier,3,15.68,4.1,2.6,2,0,3,0
EMP0317,37,Sales Floor,216,22.45,5,0,3,0,3,0
EMP0318,23,Sales Floor,58,18.04,2,6.3,3,1,3,0
EMP0319,36,Sales Floor,55,17.71,1.9,1.7,3,0,1,1
EMP0320,22,Sales Floor,52,18.28,7.6,10.1,2,0,3,0
EMP0321,20,Cashier,4,14.73,0.7,5.7,4,0,3,0
EMP0322,18,Cashier,8,16.4,12.1,5.9,1,0,3,0
EMP0323,55,Cashier,254,22.91,5.9,0,3,1,4,0
EMP0324,32,Sales Floor,24,17.85,3.5,6.9,3,0,1,0
EMP0325,51,Management,162,31.04,0.3,1.2,2,0,2,0
EMP0326,52,Cashier,158,19.33,2.5,0,5,0,4,0
EMP0327,42,Cashier,82,17.11,4.3,0,4,1,3,0
EMP0328,41,Cashier,159,21.36,0.6,13.1,3,1,2,0
EMP0329,29,Sales Floor,60,17.75,3.6,0,3,0,5,0
EMP0330,35,Sales Floor,147,21.3,10.9,0,2,0,4,0
EMP0331,32,Sales Floor,49,16.35,4.9,0,4,0,3,0
EMP0332,61,Stockroom,319,25.79,12.2,5.5,2,0,4,0
EMP0333,33,Sales Floor,110,19.99,2.6,0,3,0,3,0
EMP0334,44,Sales Floor,211,23.2,1,0,4,0,4,0
EMP0335,25,Sales Floor,22,16.12,7.1,2.3,2,0,4,0
EMP0336,42,Sales Floor,152,20.9,8.1,0,4,0,2,0
EMP0337,34,Stockroom,109,19.64,10.6,11.5,1,1,3,1
EMP0338,46,Cashier,76,16.29,12.9,1.1,5,0,1,0
EMP0339,25,Cashier,30,16.9,4.9,10.5,1,0,1,1
EMP0340,32,Sales Floor,58,18.18,11.5,0.2,3,0,4,0
EMP0341,44,Cashier,117,20.04,24.3,3.2,2,0,3,1
EMP0342,24,Cashier,31,16.35,9.5,0,4,0,3,0
EMP0343,20,Sales Floor,19,15.72,2.6,0,3,1,4,0
EMP0344,46,Sales Floor,173,19.44,4.9,7.4,2,0,5,0
EMP0345,61,Sales Floor,350,25.47,6.9,6.9,3,1,4,0
EMP0346,41,Cashier,183,19.99,6.6,0,3,0,3,0
EMP0347,20,Cashier,33,17.2,4.3,10.6,3,0,3,0
EMP0348,37,Sales Floor,146,19.62,13.9,8.1,4,0,2,0
EMP0349,32,Sales Floor,63,19.1,1,12.7,3,0,3,0
EMP0350,42,Cashier,116,20.11,5.2,0,2,0,3,0
EMP0351,47,Cashier,113,19,6.8,3.1,1,1,3,0
EMP0352,31,Stockroom,47,19.09,2.8,0,3,1,3,0
EMP0353,24,Cashier,75,18.37,11,0,3,1,5,0
EMP0354,34,Sales Floor,57,17.72,6.3,0,3,1,3,0
EMP0355,61,Sales Floor,118,18.32,5.7,0,2,1,3,0
EMP0356,37,Cashier,45,16.63,7.8,0,3,0,3,0
EMP0357,53,Sales Floor,161,20.65,5.8,1.9,5,0,1,0
EMP0358,26,Cashier,17,17.06,8.9,3.4,2,0,3,1
EMP0359,55,Customer Service,198,22.94,0.5,14.7,3,0,4,0
EMP0360,39,Cashier,260,23.92,0.7,0,4,0,3,0
EMP0361,19,Sales Floor,20,17.08,9.6,8.8,4,0,3,1
EMP0362,41,Cashier,240,21.08,5,3.1,2,0,3,1
EMP0363,25,Cashier,47,18.29,2.7,6,3,1,2,0
EMP0364,28,Cashier,47,16.89,6.3,7.7,4,0,3,0
EMP0365,30,Customer Service,78,19.34,4.9,1,1,0,3,0
EMP0366,34,Sales Floor,124,19.92,2.5,8.4,3,1,3,0
EMP0367,25,Management,75,26.41,19.5,12.6,2,1,4,1
EMP0368,38,Customer Service,103,20.77,14,0,3,0,3,0
EMP0369,35,Sales Floor,137,19.8,3.1,0,3,1,3,0
EMP0370,47,Sales Floor,90,18.22,3.1,0,4,1,4,0
EMP0371,35,Sales Floor,144,21.36,2.6,9.2,1,1,3,0
EMP0372,48,Sales Floor,325,25.1,3.6,7.2,3,1,5,0
EMP0373,55,Sales Floor,61,16.85,8.4,4.9,3,0,3,0
EMP0374,49,Cashier,138,19.21,5.4,10.8,3,0,3,0
EMP0375,28,Sales Floor,50,18.65,3.6,2.1,4,0,3,0
EMP0376,42,Sales Floor,259,22.22,4.5,7.4,3,0,3,0
EMP0377,50,Stockroom,107,18.61,3.6,5.2,5,0,2,0
EMP0378,55,Sales Floor,113,17.68,2.4,10.6,3,0,3,0
EMP0379,58,Stockroom,350,24.76,2,11.6,3,0,3,0
EMP0380,25,Sales Floor,70,18.93,1.9,6.9,4,0,3,0
EMP0381,28,Sales Floor,81,18.95,6.2,7.2,2,0,5,0
EMP0382,39,Cashier,51,16.48,10.3,0,1,1,4,0
EMP0383,41,Cashier,245,22.9,5.7,14.4,4,0,3,0
EMP0384,58,Customer Service,403,28.38,0.6,0,3,0,4,0
EMP0385,34,Cashier,170,21.58,6.1,3.5,4,0,5,0
EMP0386,29,Stockroom,35,18.87,3,0,5,0,3,0
EMP0387,49,Sales Floor,302,24.07,2,0,3,1,3,0
EMP0388,32,Sales Floor,154,21.34,1.3,0,3,0,4,0
EMP0389,33,Stockroom,69,19.24,2,3.6,3,0,3,0
EMP0390,39,Stockroom,49,17.29,2.1,9.3,2,0,3,0
EMP0391,45,Management,74,26.75,1,0,4,0,3,0
EMP0392,37,Sales Floor,192,21.21,2.1,8.6,4,0,3,0
EMP0393,50,Sales Floor,261,24.09,7.3,0,3,0,4,0
EMP0394,27,Stockroom,100,20.66,11.8,0,1,0,3,0
EMP0395,57,Sales Floor,70,18.74,0.6,7.2,2,1,5,0
EMP0396,49,Customer Service,90,21.07,9.2,0,2,0,4,0
EMP0397,50,Stockroom,260,24.03,4.3,4,4,0,3,0
EMP0398,19,Sales Floor,7,17.2,1.4,8.3,1,0,3,1
EMP0399,50,Stockroom,295,25.55,3.5,0,4,0,3,0
EMP0400,50,Stockroom,129,19.71,7.1,2.9,3,0,1,0
EMP0401,58,Sales Floor,280,23.93,5.1,0,4,0,2,0
EMP0402,30,Customer Service,57,20,0.8,1.5,3,1,4,0
EMP0403,47,Cashier,100,16.92,4.8,12.1,3,0,3,0
EMP0404,50,Stockroom,326,26.48,8.4,10.1,3,1,2,0
EMP0405,30,Sales Floor,41,16.17,7.5,0,4,0,3,0
EMP0406,43,Customer Service,182,22.6,3.6,10,3,1,5,0
EMP0407,39,Sales Floor,174,21.76,4.9,0,3,0,3,0
EMP0408,56,Sales Floor,316,24.04,3.8,0,3,1,4,0
EMP0409,19,Customer Service,12,17.07,7.2,1.6,1,0,3,1
EMP0410,55,Sales Floor,188,20.93,7.5,0,3,1,3,0
EMP0411,56,Sales Floor,57,18.77,0.4,13.9,5,1,1,0
EMP0412,43,Management,31,24.86,8.5,0,1,0,3,0
EMP0413,32,Management,84,29.04,6.9,0,2,0,3,0
EMP0414,51,Cashier,152,18.68,2.9,0,2,1,3,0
EMP0415,59,Cashier,473,30.11,10.1,3.4,3,0,3,0
EMP0416,61,Sales Floor,408,28.7,3.8,6.6,1,0,3,0
EMP0417,57,Sales Floor,364,26.1,2.4,0,3,1,3,0
EMP0418,28,Sales Floor,106,18.98,3,13.6,1,0,4,0
EMP0419,20,Cashier,30,16.28,5.2,5.5,1,0,3,1
EMP0420,23,Stockroom,7,17.1,3.5,0,4,0,3,0
EMP0421,26,Stockroom,35,16.24,2.9,0,2,1,5,0
EMP0422,23,Stockroom,55,16.63,2.5,2.4,5,0,4,0
EMP0423,26,Sales Floor,92,17.23,7.7,8.9,1,0,5,0
EMP0424,56,Cashier,270,22.83,7.3,14.2,3,0,3,0
EMP0425,48,Sales Floor,120,18.66,0.6,8.6,1,1,4,0
EMP0426,49,Cashier,336,25.2,3.1,12.5,3,0,3,0
EMP0427,58,Sales Floor,400,28.59,8.3,7,5,0,2,0
EMP0428,29,Customer Service,106,20.1,4.7,1.4,4,0,4,0
EMP0429,25,Sales Floor,89,18.69,8.7,0,1,1,3,0
EMP0430,25,Sales Floor,77,17.89,10.7,0,3,1,2,0
EMP0431,45,Sales Floor,70,18.99,10.6,0,3,0,2,0
EMP0432,37,Stockroom,44,18.93,9.5,4.7,2,0,4,1
EMP0433,24,Cashier,73,18.66,4.1,0,2,1,2,1
EMP0434,28,Sales Floor,45,18.67,3.3,0,5,0,2,0
EMP0435,37,Sales Floor,228,20.92,4.4,7.3,5,0,3,0
EMP0436,33,Cashier,184,21.63,3.5,0,5,1,2,0
EMP0437,21,Sales Floor,43,17.95,9.7,0,4,1,4,0
EMP0438,23,Stockroom,57,17.27,7.3,5.2,3,0,3,1
EMP0439,39,Cashier,21,17.45,5.2,0,2,0,3,0
EMP0440,43,Sales Floor,196,20.39,1.5,9.7,2,0,4,0
EMP0441,20,Sales Floor,33,17.46,7.2,6.8,1,0,3,1
EMP0442,58,Management,475,37.87,10.7,6.2,3,1,3,0
EMP0443,59,Sales Floor,7,15.99,2.8,0,4,1,4,0
EMP0444,31,Sales Floor,70,18.6,9.9,7.9,4,1,3,1
EMP0445,28,Stockroom,127,20.22,6.8,0,5,0,3,0
EMP0446,35,Customer Service,143,21.25,20.3,0,4,0,3,0
EMP0447,29,Management,143,28.95,4.3,0,5,0,4,0
EMP0448,40,Stockroom,199,23.05,3,0,2,0,4,0
EMP0449,29,Sales Floor,120,18.26,8.9,7.5,4,1,5,0
EMP0450,30,Sales Floor,128,19.35,2.6,10,3,0,4,0
EMP0451,42,Stockroom,142,21.66,5.2,0,2,0,4,0
EMP0452,36,Cashier,57,18.12,6.3,9,5,0,4,0
EMP0453,53,Sales Floor,165,20.29,8.7,11.5,4,1,1,1
EMP0454,25,Customer Service,58,19.9,10.8,8.5,2,1,3,1
EMP0455,46,Sales Floor,21,17.55,17.2,7.1,1,1,3,1
EMP0456,49,Cashier,82,18.94,0.8,5.1,3,0,3,0
EMP0457,61,Sales Floor,131,19.77,16.4,3.4,3,0,2,0
EMP0458,35,Cashier,87,17.03,1.4,0,5,0,3,0
EMP0459,23,Sales Floor,37,16.29,2,0,2,0,3,0
EMP0460,35,Sales Floor,49,16.75,8,0,1,0,3,0
EMP0461,36,Sales Floor,147,20.36,5.5,0,2,0,4,0
EMP0462,39,Cashier,161,18.57,1.8,6,1,0,5,0
EMP0463,54,Cashier,178,20.85,7.6,0,1,0,4,0
EMP0464,49,Cashier,117,18.34,4.3,10.4,5,0,4,0
EMP0465,58,Management,196,30.33,0.9,6.2,3,0,3,0
EMP0466,20,Sales Floor,7,17.33,11.1,0,3,0,3,0
EMP0467,45,Sales Floor,86,18.27,2.4,7.8,1,0,3,0
EMP0468,27,Stockroom,119,18.59,1.8,10.2,2,0,3,0
EMP0469,52,Sales Floor,289,25.01,5.2,0,4,0,2,0
EMP0470,46,Management,81,26.39,2.2,10.9,3,1,3,0
EMP0471,32,Sales Floor,152,20.9,7.5,5.3,4,1,3,0
EMP0472,50,Management,61,28.02,4.3,0,3,0,3,0
EMP0473,24,Sales Floor,61,17.25,6.3,0,2,0,5,0
EMP0474,29,Customer Service,98,21.2,2.8,0,3,0,3,0
EMP0475,47,Cashier,28,16.32,5.5,0,2,0,3,1
EMP0476,38,Management,186,30.56,2.3,0,4,1,3,0
EMP0477,48,Sales Floor,43,15.83,3.8,0,2,0,3,0
EMP0478,41,Cashier,169,19.56,4.8,0,3,0,3,0
EMP0479,37,Management,167,31.43,0.8,12.8,2,0,2,0
EMP0480,54,Cashier,86,17.56,10.1,11.9,3,0,3,0
EMP0481,21,Cashier,17,16.11,1.2,8,5,0,5,0
EMP0482,45,Cashier,98,18.32,2,0,3,0,3,0
EMP0483,61,Cashier,494,29.49,2.3,4.1,3,0,4,0
EMP0484,37,Cashier,198,19.68,7.3,0,5,0,4,0
EMP0485,41,Cashier,98,17.81,3.1,0,3,1,2,0
EMP0486,49,Customer Service,65,19.97,14.1,0,2,1,3,1
EMP0487,58,Sales Floor,330,24.27,14.7,14.1,2,0,3,0
EMP0488,53,Sales Floor,341,24.58,7.5,8.7,4,0,3,0
EMP0489,51,Management,5,24.17,2.5,5.2,4,0,3,0
EMP0490,53,Customer Service,2,17.37,4.1,0,2,0,3,1
EMP0491,19,Cashier,22,17.26,5.2,0,2,0,2,0
EMP0492,32,Cashier,112,17.27,9.9,6.3,5,0,4,0
EMP0493,51,Sales Floor,57,16.66,3.9,0,1,1,4,0
EMP0494,53,Sales Floor,66,17.26,2.3,0,3,0,5,0
EMP0495,23,Cashier,16,16.64,1.6,0,1,0,3,0
EMP0496,56,Sales Floor,368,26.64,10.4,0,4,0,5,0
EMP0497,59,Cashier,435,27.33,7.5,4.6,1,0,3,0
EMP0498,29,Sales Floor,125,20.25,3.6,0,3,0,1,1
EMP0499,20,Management,22,26.44,3.9,15.5,1,1,4,1
EMP0500,35,Management,76,28.8,1.9,0,3,1,3,0
EMP0501,57,Cashier,344,26.01,17.5,5.5,4,0,3,0
EMP0502,38,Cashier,239,21.4,5.5,9.6,3,0,3,0
EMP0503,32,Sales Floor,168,19.98,1.1,6.4,3,1,1,0
EMP0504,50,Stockroom,294,23.54,1.3,0.1,3,0,3,0
EMP0505,52,Cashier,59,16.65,3.5,0,2,1,3,0
EMP0506,43,Sales Floor,138,21.33,2.3,6.7,4,0,3,0
EMP0507,25,Customer Service,64,19,4.7,0,2,0,3,0
EMP0508,53,Stockroom,243,22.41,7.1,0,4,0,5,0
EMP0509,47,Customer Service,319,27.15,2.1,7,2,0,3,0
EMP0510,40,Cashier,49,16.99,3.7,0,2,1,3,0
EMP0511,59,Cashier,448,26.89,1.6,14.3,2,0,5,0
EMP0512,61,Sales Floor,32,16.53,14.6,7.5,3,0,3,0
EMP0513,31,Customer Service,135,20.99,7.1,3.5,3,0,1,0
EMP0514,31,Stockroom,21,17.84,7.4,2.1,4,1,1,0
EMP0515,19,Sales Floor,20,15.12,6.7,8.8,2,0,3,0
EMP0516,54,Sales Floor,154,19.58,2.2,8.9,1,1,3,0
EMP0517,22,Sales Floor,4,16.16,5.6,0,4,0,3,0
EMP0518,55,Stockroom,366,25.97,5.4,0,4,0,3,0
EMP0519,58,Management,372,36.22,5.7,0,1,0,3,0
EMP0520,31,Sales Floor,143,19.92,2.6,11.2,3,0,3,0
EMP0521,56,Cashier,376,25.53,2.7,5,3,0,5,0
EMP0522,42,Sales Floor,232,23.79,9.3,14.9,4,0,3,0
EMP0523,37,Management,213,31.81,3.5,0,4,0,5,0
EMP0524,19,Stockroom,15,15.81,9.3,2.5,4,0,5,0
EMP0525,56,Stockroom,214,22.62,2.6,8.1,4,0,3,0
EMP0526,23,Cashier,14,16.73,2.5,0.5,2,0,3,0
EMP0527,34,Sales Floor,155,20.93,2.4,0,4,0,4,0
EMP0528,42,Sales Floor,168,19.68,4.6,9.6,3,0,4,0
EMP0529,45,Sales Floor,58,19.03,9.6,0,1,1,3,0
EMP0530,19,Stockroom,17,16.82,2.7,2.2,3,0,5,0
EMP0531,52,Stockroom,66,17.31,2.6,4.9,5,0,1,0
EMP0532,54,Management,409,35.9,5.7,0.6,4,0,3,0
EMP0533,22,Management,56,25.85,1.3,8.5,1,0,3,1
EMP0534,18,Cashier,3,16.49,10,0,4,0,3,0
EMP0535,57,Stockroom,456,28.03,4.8,0,4,0,2,0
EMP0536,29,Customer Service,44,17.6,4.8,16.2,2,0,3,1
EMP0537,53,Stockroom,97,20.25,10.6,10.5,3,0,1,0
EMP0538,40,Sales Floor,42,16.7,12.8,0,4,1,3,0
EMP0539,48,Cashier,227,20.4,4.2,3.9,3,1,4,0
EMP0540,28,Sales Floor,6,14.82,2.6,0,1,0,4,1
EMP0541,27,Management,39,25.51,3.5,0,4,0,3,0
EMP0542,20,Cashier,23,15.28,2.5,11.2,5,1,3,0
EMP0543,31,Sales Floor,89,18.97,1.9,0,3,1,3,0
EMP0544,33,Cashier,123,17.89,1.6,4.1,4,0,2,0
EMP0545,27,Cashier,50,15.75,3.7,13.8,3,0,3,0
EMP0546,46,Sales Floor,197,22.27,7.3,11.1,2,1,2,0
EMP0547,27,Sales Floor,51,17.93,5.2,7.4,3,0,4,0
EMP0548,29,Cashier,11,15.61,6.5,0,2,0,4,0
EMP0549,47,Cashier,268,23.09,5.8,8.1,4,0,3,0
EMP0550,58,Stockroom,74,17.99,0.9,0,2,1,3,0
EMP0551,18,Cashier,8,15.67,3.3,2.9,3,1,2,0
EMP0552,22,Stockroom,24,17.19,4.8,0,3,1,3,0
EMP0553,37,Cashier,220,21.27,4.4,4.5,5,1,3,0
EMP0554,25,Cashier,41,17.86,2.9,0,2,0,3,0
EMP0555,60,Customer Service,164,20.6,5.4,0,1,1,3,0
EMP0556,29,Sales Floor,85,19.21,10.5,11.2,2,0,4,0
EMP0557,18,Sales Floor,8,15.1,6.9,11,4,1,3,0
EMP0558,37,Sales Floor,55,18.42,9.2,0,2,0,4,0
EMP0559,45,Stockroom,47,18.15,11.4,0,2,1,4,0
EMP0560,60,Cashier,238,23.14,8.8,0,2,0,5,0
EMP0561,54,Cashier,104,17.18,10.7,0,4,0,2,0
EMP0562,54,Sales Floor,210,22.01,0.6,0,1,0,2,0
EMP0563,29,Sales Floor,42,17.17,5.5,0,2,0,3,0
EMP0564,54,Sales Floor,316,25.4,2.2,3.4,2,1,2,0
EMP0565,61,Sales Floor,468,29.1,7.5,0,3,0,3,0
EMP0566,45,Cashier,268,23.07,8.2,0,4,0,3,0
EMP0567,32,Sales Floor,130,19.4,2.2,0,3,0,3,0
EMP0568,23,Sales Floor,7,15.62,8.6,9.3,5,1,3,0
EMP0569,61,Customer Service,387,28.2,4.7,4.3,5,0,4,0
EMP0570,37,Sales Floor,109,17.88,4.8,0,3,1,1,0
EMP0571,31,Cashier,3,16.97,8.6,0,4,1,3,0
EMP0572,19,Stockroom,18,17.64,2.4,4.7,4,1,3,0
EMP0573,26,Sales Floor,107,20.33,8.6,0,4,0,4,0
EMP0574,54,Cashier,40,15.79,2.5,9.7,3,1,3,0
EMP0575,37,Stockroom,230,24.03,4.6,6.9,3,0,1,0
EMP0576,43,Customer Service,220,24.54,2.4,6.3,3,1,3,0
EMP0577,46,Sales Floor,129,20.11,5.8,4.1,4,1,2,0
EMP0578,18,Customer Service,7,18.07,5.7,0,2,0,2,0
EMP0579,52,Cashier,8,15.17,5.1,5.7,2,0,3,1
EMP0580,23,Sales Floor,32,17.84,3.3,0,3,0,3,0
EMP0581,54,Cashier,380,26.06,7.9,0,2,0,3,0
EMP0582,22,Management,48,25.55,0.7,10.6,3,0,3,0
EMP0583,50,Cashier,107,17.91,4.1,0,2,1,5,0
EMP0584,31,Sales Floor,101,20.11,9.5,2.5,2,0,5,0
EMP0585,29,Cashier,4,16.66,10.8,8.2,5,0,3,0
EMP0586,59,Sales Floor,478,30.72,5.4,7.6,3,1,3,0
EMP0587,37,Sales Floor,198,21.88,5.5,3.8,4,1,3,0
EMP0588,41,Sales Floor,246,22.08,1.8,7.8,1,0,3,0
EMP0589,60,Sales Floor,16,15.43,2.3,8.7,2,1,3,0
EMP0590,51,Sales Floor,129,18.64,0.6,3.7,4,0,3,0
EMP0591,42,Sales Floor,63,16.31,6.1,7.4,4,0,3,0
EMP0592,46,Cashier,109,18.2,14.8,4.3,3,0,3,0
EMP0593,56,Sales Floor,375,25.49,10.7,4.3,5,0,3,0
EMP0594,48,Sales Floor,21,16.32,1.6,6.6,5,0,3,0
EMP0595,60,Customer Service,269,26.28,2.1,3.4,5,1,3,0
EMP0596,40,Cashier,162,19.79,9.9,0,3,1,3,0
EMP0597,61,Cashier,260,23.86,4.7,14.9,2,0,3,0
EMP0598,55,Sales Floor,412,27.76,1.5,12.6,3,0,3,0
EMP0599,37,Sales Floor,102,18.07,2.5,2.4,3,0,3,0
EMP0600,40,Sales Floor,223,21.76,0.1,2,2,0,3,0
EMP0601,33,Sales Floor,59,16.39,5,6.5,4,1,3,0
EMP0602,59,Sales Floor,247,22.36,11.6,3.8,1,0,1,1
EMP0603,25,Sales Floor,27,17.28,5.2,0,3,0,3,0
EMP0604,38,Sales Floor,69,16.63,6,0,2,0,3,0
EMP0605,18,Sales Floor,9,15.37,18.7,0,4,0,3,0
EMP0606,25,Cashier,3,15.23,1.5,5.1,2,0,3,0
EMP0607,46,Sales Floor,196,22.89,11.6,1.7,4,0,4,0
EMP0608,49,Sales Floor,281,24.66,4.3,3.3,3,0,5,0
EMP0609,55,Cashier,404,27.42,2.5,0,4,0,1,0
EMP0610,22,Cashier,34,15.29,6.4,6.8,5,0,5,0
EMP0611,39,Sales Floor,154,21.12,3,10.4,3,0,3,0
EMP0612,51,Stockroom,382,27.97,3.1,0,5,1,3,0
EMP0613,18,Cashier,5,15.94,9.4,0,1,1,1,1
EMP0614,43,Sales Floor,227,23.78,10.3,0,2,1,4,0
EMP0615,60,Customer Service,476,30.2,5.1,2.5,1,0,2,0
EMP0616,27,Customer Service,93,21.41,16.4,2.6,2,0,4,0
EMP0617,47,Sales Floor,265,24.61,3.5,0,4,0,1,0
EMP0618,35,Sales Floor,116,17.76,20.6,0,1,1,3,1
EMP0619,34,Stockroom,178,21.29,12.9,0,3,0,3,0
EMP0620,43,Cashier,134,20.65,12.5,0.2,3,0,3,0
EMP0621,25,Sales Floor,83,17.11,8.3,11.5,3,0,2,1
EMP0622,57,Sales Floor,60,17.81,7.4,7,3,0,3,1
EMP0623,29,Sales Floor,121,20.8,6,0,4,0,2,0
EMP0624,44,Cashier,213,21.58,11.8,0,2,0,3,0
EMP0625,25,Cashier,88,17.01,10.8,0,2,1,3,0
EMP0626,42,Sales Floor,226,22.52,6.8,11,3,0,4,0
EMP0627,21,Cashier,22,15.22,3.5,3.3,3,1,3,0
EMP0628,50,Cashier,131,19.2,1.1,6.1,3,0,2,0
EMP0629,18,Sales Floor,10,15,8.3,11,4,1,3,1
EMP0630,36,Sales Floor,21,16.9,5.4,7.6,3,0,3,0
EMP0631,48,Cashier,156,19.88,8.8,9,3,0,4,0
EMP0632,33,Customer Service,190,23.5,9.8,0,1,0,4,0
EMP0633,31,Cashier,161,20.36,0.3,0,3,0,3,0
EMP0634,22,Cashier,21,16.23,3.2,9.3,4,0,2,0
EMP0635,58,Sales Floor,163,21.1,3.7,0,1,0,4,0
EMP0636,43,Sales Floor,180,19.93,1.4,9,2,0,4,0
EMP0637,45,Cashier,34,16.73,7,0,4,0,4,0
EMP0638,19,Sales Floor,9,15.27,8.3,0,3,1,4,0
EMP0639,23,Sales Floor,51,18.69,5.9,4.2,2,1,3,1
EMP0640,26,Sales Floor,47,16.01,1.3,0,3,0,2,0
EMP0641,50,Sales Floor,338,25.18,7.5,0,2,0,3,0
EMP0642,58,Sales Floor,314,25.31,3.5,0,4,1,3,0
EMP0643,42,Sales Floor,75,17.96,3.2,8.7,1,0,3,0
EMP0644,30,Sales Floor,23,15.42,10.4,0,4,0,3,0
EMP0645,26,Sales Floor,48,17.49,14.5,6.4,3,0,3,0
EMP0646,30,Customer Service,128,21.48,7.8,0,4,0,3,0
EMP0647,48,Cashier,150,20.28,3.5,12.7,2,0,3,0
EMP0648,58,Cashier,273,22.7,4.2,0,3,0,2,0
EMP0649,28,Stockroom,69,18.61,8.8,10.3,3,0,3,0
EMP0650,21,Cashier,44,16.57,1,4.8,3,0,4,0
EMP0651,51,Sales Floor,139,20.38,24.2,0,3,1,4,1
EMP0652,55,Cashier,350,25.47,5.3,2.5,4,0,3,0
EMP0653,21,Cashier,15,15.99,5,6.9,5,0,3,0
EMP0654,55,Cashier,347,24.39,4.9,0.9,1,0,1,0
EMP0655,36,Sales Floor,163,19.03,2.3,3.6,1,0,3,0
EMP0656,23,Sales Floor,33,15.94,10.6,3.2,4,0,3,0
EMP0657,51,Sales Floor,212,20.74,6.8,3.5,1,0,3,0
EMP0658,35,Sales Floor,125,19.32,0.8,0,5,0,4,0
EMP0659,30,Cashier,16,16.28,7.1,0,3,0,3,0
EMP0660,58,Cashier,418,26.25,9.2,0,3,0,1,0
EMP0661,40,Sales Floor,66,19.15,8,0,2,0,3,0
EMP0662,36,Management,227,30.33,7,2.5,2,1,3,0
EMP0663,28,Cashier,47,17.62,12,0,3,0,3,0
EMP0664,18,Sales Floor,7,16.57,3.7,0,5,0,4,0
EMP0665,41,Sales Floor,201,21.2,4.8,10.9,5,0,3,0
EMP0666,24,Sales Floor,20,15.21,2,0,2,0,3,0
EMP0667,42,Sales Floor,124,19.83,21.3,10.6,2,1,3,1
EMP0668,38,Sales Floor,1,15.68,1.8,0,1,0,3,0
EMP0669,32,Sales Floor,87,19.73,8,6.5,4,0,3,0
EMP0670,18,Sales Floor,3,16.21,3.4,0,2,0,3,0
EMP0671,29,Sales Floor,4,17.43,4.9,14.5,1,0,3,1
EMP0672,24,Customer Service,58,18.27,0.3,5.1,2,0,3,0
EMP0673,32,Sales Floor,153,20.93,8.3,8,2,0,4,0
EMP0674,38,Cashier,47,17.16,19.9,8.6,5,0,3,0
EMP0675,36,Sales Floor,38,17.77,8.1,0,3,1,2,0
EMP0676,46,Management,143,28.62,0.1,0,2,0,2,0
EMP0677,42,Sales Floor,191,21.8,6.8,0,2,0,1,0
EMP0678,50,Sales Floor,21,16.58,1.3,17.1,2,1,3,1
EMP0679,49,Management,227,32.53,1.7,11.3,1,1,2,0
EMP0680,52,Stockroom,313,24.68,8,8.6,2,0,1,0
EMP0681,61,Stockroom,302,26.06,6.9,0,3,0,3,0
EMP0682,55,Sales Floor,142,18.7,8.7,0,2,1,3,0
EMP0683,43,Sales Floor,39,18,6.9,9.2,2,0,2,0
EMP0684,28,Cashier,99,19.33,5.1,0,3,0,3,0
EMP0685,52,Customer Service,252,25.45,8.4,0,4,1,3,0
EMP0686,25,Cashier,77,17.68,1.1,5,3,0,5,0
EMP0687,31,Cashier,115,18.51,10.1,11.5,3,0,3,0
EMP0688,27,Sales Floor,97,20.18,1.4,3.4,3,0,3,0
EMP0689,19,Stockroom,6,15.85,6.7,5.3,3,0,3,0
EMP0690,26,Sales Floor,91,18.67,12.4,6.8,1,1,3,1
EMP0691,20,Sales Floor,23,17.15,1.8,14.1,5,0,3,0
EMP0692,38,Sales Floor,187,21.8,8.9,0,1,1,4,0
EMP0693,43,Cashier,91,17.14,8.1,0,3,0,3,1
EMP0694,25,Sales Floor,46,17.74,5.6,8.5,4,0,5,0
EMP0695,19,Sales Floor,6,17.12,0.7,6.7,3,0,3,0
EMP0696,23,Cashier,14,14.54,6.8,0,5,0,3,0
EMP0697,45,Sales Floor,100,20.01,5.8,0,3,1,3,0
EMP0698,46,Cashier,328,23.2,9.3,14.6,4,0,3,0
EMP0699,43,Sales Floor,190,20.85,1.9,0,4,0,3,0
EMP0700,42,Cashier,35,15.02,12,11.5,5,0,4,0
EMP0701,29,Cashier,30,15.06,5.5,0,5,1,3,0
EMP0702,22,Sales Floor,14,17.62,4.7,3.5,4,0,4,0
EMP0703,51,Sales Floor,84,17.9,12.4,8.6,4,0,4,0
EMP0704,54,Sales Floor,369,26.02,10.2,0,3,0,5,0
EMP0705,32,Sales Floor,25,15.84,10,4.6,1,0,3,1
EMP0706,61,Management,424,37.57,2.4,3.3,3,0,3,0
EMP0707,53,Sales Floor,344,25.84,7.6,9,5,0,2,0
EMP0708,32,Stockroom,14,16.51,1,0,4,1,3,0
EMP0709,60,Sales Floor,154,19.78,2.8,7.2,5,0,3,0
EMP0710,40,Cashier,102,19.49,3,9.3,4,0,3,0
EMP0711,23,Stockroom,22,16.76,8.6,0,2,0,3,0
EMP0712,61,Cashier,83,17.79,11,0,2,0,4,0
EMP0713,60,Cashier,426,26.68,5.1,13,2,1,4,0
EMP0714,38,Sales Floor,19,17.39,4.1,3.2,2,0,3,0
EMP0715,40,Sales Floor,201,21.28,9.1,2.2,3,0,3,0
EMP0716,60,Customer Service,284,25.43,5.6,0,5,0,3,0
EMP0717,33,Stockroom,173,20.57,5.6,5.2,4,0,3,0
EMP0718,32,Management,71,28.94,3,4.1,3,0,3,0
EMP0719,42,Sales Floor,206,21.1,5.7,0,1,0,3,0
EMP0720,53,Cashier,63,18.06,2,0,2,0,3,0
EMP0721,28,Customer Service,73,19.31,3.2,0,3,1,3,0
EMP0722,32,Sales Floor,124,18.56,13.3,0,2,0,3,0
EMP0723,21,Sales Floor,19,17.43,4.5,9.1,1,0,3,1
EMP0724,38,Cashier,175,19.86,8.3,2.5,3,1,5,0
EMP0725,30,Cashier,142,20.54,3.2,0,2,0,2,0
EMP0726,39,Stockroom,120,21.08,13,11.3,5,0,3,0
EMP0727,36,Sales Floor,166,21.69,4.4,10,1,0,3,0
EMP0728,51,Stockroom,317,23.91,13.2,4.5,1,0,1,0
EMP0729,31,Sales Floor,164,21.42,2.5,0,1,0,3,0
EMP0730,21,Sales Floor,40,16.85,3.6,1.8,2,0,3,0
EMP0731,44,Sales Floor,286,25.07,4.1,0,3,1,3,0
EMP0732,46,Stockroom,265,24.27,3.6,8.9,4,0,3,0
EMP0733,45,Cashier,320,25.39,9.4,0,3,0,3,0
EMP0734,52,Cashier,161,19.97,9.3,0,3,0,3,0
EMP0735,25,Sales Floor,52,17.55,6.1,1.3,3,0,2,0
EMP0736,33,Customer Service,89,18.91,8.3,0,3,0,4,0
EMP0737,59,Sales Floor,142,20.8,25,0,1,0,2,1
EMP0738,53,Stockroom,203,21.9,7,7.2,3,0,4,0
EMP0739,47,Sales Floor,309,24.58,9.1,0,4,1,5,0
EMP0740,35,Sales Floor,187,22.05,2.6,0,4,0,3,0
EMP0741,19,Cashier,14,16.19,3.2,0,4,0,4,0
EMP0742,30,Sales Floor,41,16.24,1.6,3.3,2,1,4,0
EMP0743,21,Cashier,4,15.88,5.7,5.1,2,0,4,0
EMP0744,43,Cashier,68,17.11,5.3,7.4,5,1,3,0
EMP0745,42,Sales Floor,264,23.24,1.1,0,1,1,3,0
EMP0746,47,Customer Service,2,16.14,6,2.8,2,0,4,0
EMP0747,28,Sales Floor,105,18.05,6.7,0,2,1,2,1
EMP0748,24,Cashier,41,15.98,10.4,12.5,2,0,3,1
EMP0749,48,Customer Service,120,21.47,3.9,3.6,2,0,3,0
EMP0750,61,Cashier,127,17.56,8.6,9.1,3,1,3,1
EMP0751,27,Sales Floor,55,17.25,7.9,4.3,3,0,3,0
EMP0752,56,Customer Service,16,19.22,7.8,8.6,5,0,3,0
EMP0753,30,Cashier,62,16.06,2.4,6.9,1,0,4,0
EMP0754,48,Sales Floor,369,26.3,4.7,3.9,2,1,2,0
EMP0755,24,Sales Floor,48,18.19,11.3,5.4,3,1,5,0
EMP0756,59,Stockroom,158,22.22,9.4,1.6,3,0,4,0
EMP0757,59,Cashier,268,23.68,1.2,0,3,1,1,0
EMP0758,53,Cashier,35,17.13,8,4.9,4,0,3,0
EMP0759,37,Customer Service,11,18.79,1,0,1,0,4,0
EMP0760,21,Stockroom,46,17.62,3.8,0,4,0,3,0
EMP0761,24,Sales Floor,50,18.31,6.7,10.9,3,1,4,1
EMP0762,18,Sales Floor,5,14.66,6.9,0,2,0,3,0
EMP0763,61,Sales Floor,325,26.3,1.1,0,4,0,3,0
EMP0764,59,Cashier,304,23.77,2.3,2.9,3,1,1,0
EMP0765,30,Sales Floor,20,16.72,14.9,0,2,1,3,1
EMP0766,39,Cashier,172,19.54,1.6,0,1,0,1,0
EMP0767,38,Stockroom,161,21.7,2.9,0,2,0,3,0
EMP0768,39,Customer Service,201,21.81,0.1,14.4,3,1,4,0
EMP0769,45,Sales Floor,324,26.12,16.9,5.3,2,1,3,0
EMP0770,26,Stockroom,35,18.46,1.9,0,2,0,5,0
EMP0771,43,Sales Floor,216,21.15,2.3,6.1,1,1,3,0
EMP0772,26,Stockroom,96,20.09,1,8.7,4,1,3,0
EMP0773,32,Sales Floor,65,18.66,4.5,0,4,1,3,0
EMP0774,27,Sales Floor,8,16.62,3.7,0,4,1,5,0
EMP0775,41,Stockroom,76,18.23,13,16,2,0,3,1
EMP0776,59,Sales Floor,174,20.15,12.1,4.8,5,0,2,0
EMP0777,25,Sales Floor,47,16.5,18,0,3,0,5,0
EMP0778,41,Cashier,15,15.37,7.6,0,4,0,3,0
EMP0779,33,Cashier,105,19.63,1.8,0,3,1,1,0
EMP0780,43,Cashier,147,18.32,4.9,12.4,3,1,3,1
EMP0781,44,Cashier,26,17.21,2.3,5.4,4,0,4,0
EMP0782,54,Cashier,308,23.6,1.3,0,1,0,3,0
EMP0783,21,Sales Floor,29,16.87,15.7,5,3,0,3,1
EMP0784,41,Sales Floor,232,23.33,8.8,5.3,4,0,4,0
EMP0785,36,Sales Floor,21,17.74,7.9,0,4,0,4,0
EMP0786,53,Customer Service,307,25.56,1,1.6,5,0,3,0
EMP0787,56,Cashier,38,16.44,6.2,0,3,0,2,0
EMP0788,27,Sales Floor,20,16.3,3.7,1.2,2,0,3,0
EMP0789,42,Cashier,157,18.4,5.6,0,1,0,3,0
EMP0790,35,Customer Service,179,21.86,0.6,12,3,1,4,0
EMP0791,36,Sales Floor,132,19.54,7.5,5.8,3,0,3,0
EMP0792,53,Cashier,311,23.87,0.4,0,2,0,3,0
EMP0793,27,Cashier,71,18.14,4.4,5.8,2,0,2,0
EMP0794,50,Cashier,348,24.82,6.4,0,3,0,3,0
EMP0795,22,Sales Floor,28,16.75,8.7,2.9,4,1,1,0
EMP0796,52,Customer Service,260,24.51,6.8,11.2,5,0,1,0
EMP0797,61,Customer Service,406,29.5,7.8,16.4,4,1,1,0
EMP0798,51,Cashier,76,18.7,6.6,0,4,0,3,0
EMP0799,50,Cashier,67,17.46,2.4,9.4,3,0,3,0
EMP0800,38,Customer Service,86,20.76,1,9,5,0,3,0
EMP0801,34,Cashier,194,20.28,11.2,3.7,3,0,4,0
EMP0802,39,Sales Floor,162,20.62,13.8,6.4,4,0,2,0
EMP0803,54,Cashier,347,24.67,4.3,6.1,5,1,3,0
EMP0804,32,Cashier,105,18.16,2.8,0,5,0,5,0
EMP0805,52,Sales Floor,257,23.84,0.6,0,3,0,3,0
EMP0806,45,Cashier,72,18.64,3.3,10,1,1,3,1
EMP0807,24,Customer Service,38,17.42,2.6,0,2,1,2,0
EMP0808,49,Customer Service,262,25.18,1.5,0,1,0,4,0
EMP0809,28,Cashier,61,17.44,11.8,7.1,1,0,3,0
EMP0810,27,Sales Floor,12,15.19,8,0,2,0,4,1
EMP0811,26,Management,6,24.8,8.1,16.6,2,0,3,0
EMP0812,31,Stockroom,27,16.68,4.5,0,3,1,3,0
EMP0813,30,Sales Floor,136,18.78,2.1,0,4,0,4,0
EMP0814,42,Customer Service,93,19.31,5.6,5.9,2,0,5,0
EMP0815,19,Stockroom,13,16.16,5.3,7.5,3,1,1,0
EMP0816,52,Cashier,241,21.7,0.9,0,4,1,4,0
EMP0817,24,Cashier,40,17.36,8.1,3.8,3,0,3,0
EMP0818,38,Sales Floor,142,20.16,4.9,10.4,5,1,3,0
EMP0819,35,Sales Floor,35,18.43,5.3,0,1,0,3,1
EMP0820,20,Sales Floor,20,16.3,2.9,0,2,0,3,0
EMP0821,59,Stockroom,312,25.93,3.9,3.8,3,1,3,0
EMP0822,56,Sales Floor,177,22.03,8.2,0,2,0,3,0
EMP0823,58,Sales Floor,141,20.45,14.4,0,3,0,1,0
EMP0824,28,Sales Floor,49,17.1,14.8,2.1,3,0,2,0
EMP0825,56,Cashier,302,24.65,3.7,0,2,1,4,0
EMP0826,41,Customer Service,190,21.89,4.7,0,2,0,5,0
EMP0827,36,Sales Floor,136,19.26,10.5,0,2,0,4,0
EMP0828,21,Sales Floor,43,17.33,2.5,0,3,0,3,0
EMP0829,43,Cashier,90,18.23,1.5,0,3,0,3,0
EMP0830,55,Cashier,295,22.26,5.7,0,2,0,3,0
EMP0831,59,Sales Floor,341,26.81,6.9,0,2,1,5,0
EMP0832,49,Cashier,245,22.9,5.1,0,1,0,3,0
EMP0833,56,Sales Floor,433,28.01,3.5,8.9,1,0,4,0
EMP0834,53,Sales Floor,192,22.63,6.8,8.4,4,0,5,0
EMP0835,57,Cashier,318,24.15,3.8,0,1,0,4,0
EMP0836,54,Sales Floor,106,20.39,4.7,0,4,1,3,0
EMP0837,50,Customer Service,363,27.62,4.5,9.6,4,0,1,0
EMP0838,53,Sales Floor,310,23.45,6.1,2.4,1,0,3,0
EMP0839,20,Cashier,9,16.54,2.9,5.7,3,0,3,0
EMP0840,26,Cashier,88,18.48,5.7,0,5,0,3,0
EMP0841,25,Sales Floor,37,17.85,0.5,8.5,4,0,3,0
EMP0842,50,Cashier,305,25.33,2.3,5.5,3,1,4,0
EMP0843,23,Sales Floor,41,17.97,7.7,4.9,4,0,3,0
EMP0844,58,Management,17,26.31,3.9,0,4,0,3,0
EMP0845,56,Sales Floor,344,26.63,3.8,0,2,0,3,0
EMP0846,21,Sales Floor,21,17.1,9.8,0,4,0,3,0
EMP0847,30,Sales Floor,51,17.14,11.9,6.8,3,0,4,1
EMP0848,19,Management,7,26.85,8.7,12.1,3,1,2,0
EMP0849,22,Cashier,55,16.19,4.7,0,5,0,3,0
EMP0850,61,Cashier,41,17.28,3.6,0,4,0,3,0
EMP0851,44,Sales Floor,39,18.23,3,14.9,3,0,1,0
EMP0852,49,Cashier,192,21.53,6.1,0,1,0,4,0
EMP0853,38,Sales Floor,11,16.9,2.1,11.9,3,0,3,0
EMP0854,25,Customer Service,19,18.79,9.2,0,4,0,3,0
EMP0855,55,Sales Floor,395,26.87,7.2,8.4,3,1,3,0
EMP0856,25,Sales Floor,77,19.26,3.8,0,5,1,3,0
EMP0857,20,Sales Floor,1,15.14,3.8,0,4,0,3,0
EMP0858,61,Cashier,168,19.05,3.7,4.7,3,0,4,0
EMP0859,20,Cashier,19,15.38,4.1,0,1,0,2,1
EMP0860,39,Sales Floor,72,18.09,5.3,6.3,3,0,5,0
EMP0861,23,Stockroom,61,18.23,5.7,4.8,3,1,3,0
EMP0862,19,Cashier,21,17.05,13.5,5.9,3,0,2,0
EMP0863,40,Cashier,109,18.24,5.3,3.3,3,1,2,0
EMP0864,61,Sales Floor,268,23.4,3.5,0,3,0,3,0
EMP0865,19,Sales Floor,16,14.98,12.3,0,2,0,3,0
EMP0866,55,Cashier,417,26.81,4.7,0.7,2,0,1,0
EMP0867,34,Sales Floor,45,17.69,0.3,0,3,1,3,0
EMP0868,52,Sales Floor,90,17.05,14.2,12.5,2,0,4,0
EMP0869,51,Stockroom,103,18.7,2.3,10,2,0,1,0
EMP0870,40,Customer Service,250,23.57,6.7,3.8,2,0,4,0
EMP0871,47,Sales Floor,8,14.85,4.4,0,3,1,3,0
EMP0872,25,Sales Floor,25,16.63,4.9,0,1,0,3,0
EMP0873,39,Cashier,174,19.38,2.6,0,4,0,3,0
EMP0874,61,Sales Floor,343,26.26,2.1,0,3,0,1,0
EMP0875,53,Sales Floor,158,21.43,9.6,0,3,1,4,0
EMP0876,22,Sales Floor,45,17.39,5,0,4,1,2,0
EMP0877,30,Cashier,84,19.28,4.1,0,2,0,3,0
EMP0878,46,Cashier,338,24.74,4.2,0,3,0,3,0
EMP0879,48,Sales Floor,146,20.1,10.1,12,5,0,3,0
EMP0880,33,Sales Floor,68,19.36,2.3,4.4,4,0,3,0
EMP0881,59,Sales Floor,478,28.47,12.3,6.3,5,0,4,0
EMP0882,47,Cashier,161,21.3,5.9,10.1,4,0,3,0
EMP0883,33,Sales Floor,127,18.16,3.7,0,2,0,5,0
EMP0884,29,Sales Floor,82,18.12,3.1,8.7,1,0,4,0
EMP0885,34,Stockroom,147,19.29,2.9,6.7,3,1,3,0
EMP0886,33,Sales Floor,156,21.02,2.8,3.8,3,0,3,0
EMP0887,29,Cashier,84,18.16,8.3,0.8,2,0,3,0
EMP0888,25,Sales Floor,76,18.73,1.8,11.2,4,0,3,0
EMP0889,37,Sales Floor,122,19.01,4.4,0.3,3,0,3,0
EMP0890,20,Sales Floor,15,16.03,5.6,0,2,0,5,1
EMP0891,33,Cashier,41,15.27,2.2,9.6,4,1,3,0
EMP0892,47,Stockroom,258,23.22,1.4,0,4,0,3,0
EMP0893,40,Stockroom,105,20.7,0.6,0,3,0,3,0
EMP0894,45,Sales Floor,202,21.25,5.5,0,4,0,3,0
EMP0895,57,Cashier,450,28.99,0.9,0,4,0,4,0
EMP0896,22,Sales Floor,51,18.44,15.5,4,3,0,3,0
EMP0897,37,Sales Floor,75,17.7,6.7,2.3,1,0,1,0
EMP0898,57,Customer Service,461,30.7,3.4,0,1,0,2,0
EMP0899,61,Sales Floor,266,22.18,3.5,7.1,3,0,4,0
EMP0900,18,Sales Floor,2,14.87,5.6,0,2,0,3,1
EMP0901,47,Sales Floor,51,16.06,3.6,0.7,5,0,5,0
EMP0902,38,Sales Floor,118,19.52,0.7,4.2,4,0,2,0
EMP0903,37,Sales Floor,201,21.36,1.2,1.3,4,0,3,0
EMP0904,23,Cashier,39,16.73,9.4,0,5,1,2,0
EMP0905,39,Sales Floor,28,16.84,3.2,8.9,4,0,3,0
EMP0906,35,Customer Service,3,17.13,4.7,6.1,2,1,3,0
EMP0907,25,Stockroom,84,19.37,8.8,1.4,2,0,2,0
EMP0908,56,Sales Floor,454,29.39,3,0,4,1,3,0
EMP0909,49,Sales Floor,155,18.85,0.7,12.1,3,0,3,0
EMP0910,50,Sales Floor,117,18.37,5,10.2,3,0,3,0
EMP0911,33,Cashier,2,16.2,5.8,6.9,3,0,3,0
EMP0912,29,Sales Floor,93,18.24,2.3,0,5,0,3,0
EMP0913,55,Cashier,166,20.6,1.6,3.9,3,1,3,0
EMP0914,51,Sales Floor,387,26.29,9.2,2.9,4,0,3,0
EMP0915,31,Cashier,144,19.17,6.6,2.4,2,1,3,0
EMP0916,53,Sales Floor,350,24.7,3.1,0,3,0,3,0
EMP0917,50,Sales Floor,296,23.5,1.5,0,1,0,4,0
EMP0918,40,Customer Service,258,24.98,7.5,6.5,4,0,3,0
EMP0919,19,Stockroom,17,16.77,3.9,5.5,1,0,3,1
EMP0920,58,Sales Floor,425,28.63,2.1,0,4,1,4,0
EMP0921,38,Stockroom,12,17.89,7,0,1,0,5,1
EMP0922,19,Cashier,3,15.71,4.2,6.7,2,0,3,0
EMP0923,44,Customer Service,235,24.8,6,0,3,1,5,0
EMP0924,26,Stockroom,65,17.73,7,0,3,0,3,0
EMP0925,18,Sales Floor,7,15.94,0.8,0,2,0,3,1
EMP0926,28,Sales Floor,45,17.89,1.9,0,2,0,3,0
EMP0927,20,Sales Floor,15,16.08,8.5,0,4,0,3,0
EMP0928,40,Cashier,213,21.68,6.5,6.1,3,0,2,0
EMP0929,43,Cashier,62,16.28,9,14,1,0,4,1
EMP0930,21,Sales Floor,31,17.16,2.6,13.4,4,0,5,0
EMP0931,35,Sales Floor,153,21.33,4.4,0,1,0,3,0
EMP0932,23,Stockroom,23,18.24,4.6,11,3,0,3,1
EMP0933,52,Management,408,37.51,6.1,0,2,1,2,0
EMP0934,39,Cashier,107,19.21,6,0,3,0,3,0
EMP0935,60,Sales Floor,420,27.84,8.1,11.5,2,0,3,0
EMP0936,32,Sales Floor,99,19,4.4,14.2,5,0,3,0
EMP0937,39,Sales Floor,73,16.93,7.6,1.5,2,0,5,0
EMP0938,54,Customer Service,437,29.47,8.4,10.3,2,0,1,0
EMP0939,59,Sales Floor,486,29.35,4.4,0,2,1,1,0
EMP0940,29,Cashier,122,20.26,3.4,16.6,4,1,3,0
EMP0941,59,Sales Floor,30,16.63,5,6.6,3,0,3,0
EMP0942,55,Cashier,188,20.87,6.6,3.9,4,0,4,0
EMP0943,35,Cashier,108,18.6,25.3,0,5,0,3,0
EMP0944,52,Stockroom,354,26.74,5.2,5.2,5,0,3,0
EMP0945,47,Sales Floor,288,24.74,2.7,0,4,0,3,0
EMP0946,41,Sales Floor,195,20.59,0.5,10.3,2,1,2,0
EMP0947,59,Sales Floor,156,20.42,8.3,1.5,4,0,3,0
EMP0948,47,Customer Service,172,23.26,1.4,0,2,1,2,0
EMP0949,31,Customer Service,79,19.58,21.9,0,4,0,3,0
EMP0950,23,Cashier,41,15.97,6.4,0,3,0,3,0
EMP0951,20,Cashier,23,16.6,15.2,0.7,4,0,1,0
EMP0952,33,Cashier,104,19.36,8.7,5,3,0,1,0
EMP0953,24,Sales Floor,75,16.77,4.1,0,3,0,3,0
EMP0954,31,Customer Service,48,19.66,6.2,12.9,5,0,3,0
EMP0955,26,Sales Floor,32,17.85,2.1,0,1,0,5,0
EMP0956,32,Sales Floor,57,17.47,4,6.8,2,1,2,1
EMP0957,38,Cashier,118,20.23,6.4,3.6,3,0,2,0
EMP0958,52,Sales Floor,100,19.64,1,3.9,5,1,1,0
EMP0959,19,Sales Floor,1,16.85,3.6,6.3,1,0,3,1
EMP0960,44,Cashier,167,20.88,8.1,10.9,1,1,3,0
EMP0961,19,Sales Floor,2,15.01,6.3,0,1,0,4,0
EMP0962,52,Cashier,156,18.99,1.8,0,1,0,3,0
EMP0963,35,Sales Floor,165,20.48,10.6,4.9,5,0,3,0
EMP0964,31,Sales Floor,7,15.49,5.1,12,4,0,3,0
EMP0965,37,Sales Floor,196,21.19,2.5,8.3,3,0,4,0
EMP0966,35,Sales Floor,165,21.75,1,7.8,3,0,3,0
EMP0967,27,Cashier,56,18.03,9.6,0,4,0,3,0
EMP0968,42,Sales Floor,193,21.75,10.4,6.5,2,0,5,0
EMP0969,19,Cashier,15,16.99,7.5,5.6,3,0,3,0
EMP0970,42,Cashier,148,20.46,4.6,2.3,3,0,3,0
EMP0971,50,Cashier,275,22.93,5.9,0,1,0,3,0
EMP0972,53,Customer Service,157,20.96,7.9,6,3,0,3,0
EMP0973,48,Cashier,202,21.15,2.9,7.4,2,1,2,0
EMP0974,31,Sales Floor,146,20.76,3.3,0,1,0,3,0
EMP0975,18,Sales Floor,3,15.89,5.5,10.3,2,0,2,1
EMP0976,33,Sales Floor,171,21.25,2.8,6.4,4,0,4,0
EMP0977,20,Cashier,31,15.14,2.9,6.4,1,0,4,0
EMP0978,52,Sales Floor,126,20.24,5.7,2.1,5,0,3,0
EMP0979,58,Cashier,395,27.41,9.5,0,1,0,2,0
EMP0980,23,Cashier,49,17.48,9.3,0,4,0,1,0
EMP0981,42,Sales Floor,294,25.57,4.9,1,4,0,4,0
EMP0982,30,Stockroom,64,19.26,4.4,5.1,5,0,3,0
EMP0983,51,Sales Floor,325,26.24,11.6,0,4,1,3,0
EMP0984,25,Sales Floor,8,17.52,7.1,0,2,0,3,0
EMP0985,38,Cashier,162,20.9,1.5,6.1,2,0,3,0
EMP0986,51,Cashier,176,20.91,2.1,0,3,0,3,0
EMP0987,21,Cashier,12,14.35,7.6,8.1,2,0,3,1
EMP0988,42,Sales Floor,31,16.76,9,4.6,1,0,3,1
EMP0989,32,Sales Floor,132,19.88,0.7,7.7,4,0,4,0
EMP0990,21,Stockroom,45,17.16,4.3,0,3,0,3,1
EMP0991,29,Stockroom,69,17.87,2.2,0,3,1,2,0
EMP0992,49,Cashier,376,27.33,5.6,0,5,1,3,0
EMP0993,49,Sales Floor,344,26.73,11.4,9.2,3,0,2,0
EMP0994,45,Cashier,67,18.41,1.5,6.7,3,1,4,0
EMP0995,30,Sales Floor,75,17.8,2.9,0,4,0,3,0
EMP0996,48,Sales Floor,45,15.79,4.1,0,1,0,4,1
EMP0997,31,Customer Service,4,16.35,1.6,8.8,3,0,3,0
EMP0998,37,Sales Floor,154,19.71,0.7,0,5,0,2,0
EMP0999,35,Management,155,28.35,2.3,1.7,5,0,3,0
EMP1000,46,Sales Floor,234,21.05,16.9,3.8,4,1,4,0
